date,E5 RON 92-II(VND),RON 95-III(VND),Gia_Brent(USD),Gia_WTI(USD),USD/VND,Bien_loi_nhuan,ten_su_kien,loai_su_kien,tang_giam
2023-01-01,22160.0,21020.0,,,,,,,
2023-01-02,22160.0,21020.0,,,23610.0,,,,
2023-01-03,22760.0,21350.0,80.36,76.87,23515.0,17.07,,,
2023-01-04,22760.0,21350.0,75.31,72.82,23510.0,17.05,Lo ngại về suy thoái kinh tế toàn cầu và sự bùng phát COVID-19 ở Trung Quốc đe dọa triển vọng nhu cầu.,Cầu (Kinh tế vĩ mô),Giảm
2023-01-05,22760.0,21350.0,76.73,73.61,23475.0,16.53,,,
2023-01-06,22760.0,21350.0,76.41,73.77,23460.0,15.7,,,
2023-01-07,22760.0,21350.0,,,,,,,
2023-01-08,22760.0,21350.0,,,,,,,
2023-01-09,22760.0,21350.0,77.5,74.69,23447.0,16.65,"Trung Quốc mở cửa trở lại biên giới, dỡ bỏ các hạn chế Zero-COVID, thúc đẩy kỳ vọng về nhu cầu dầu tăng.",Cầu (Kinh tế vĩ mô),Tăng
2023-01-10,22760.0,21350.0,78.4,75.11,23445.0,17.66,,,
2023-01-11,21800.0,21350.0,81.11,77.46,23440.0,19.58,Tồn kho dầu thô của Mỹ giảm bất ngờ trong tuần (theo dữ liệu EIA).,Cung (Tồn kho Mỹ),Tăng
2023-01-12,21800.0,21350.0,82.59,78.32,23438.0,19.93,"Dữ liệu lạm phát (CPI) của Mỹ cho thấy lạm phát đang hạ nhiệt, làm giảm lo ngại về việc FED tăng lãi suất mạnh.",Cầu (Kinh tế vĩ mô),Tăng
2023-01-13,21800.0,21350.0,83.43,79.9,23435.0,21.1,Tâm lý lạc quan tiếp tục về sự phục hồi nhu cầu tại Trung Quốc và kỳ vọng FED giảm tốc độ tăng lãi suất.,Cầu (Kinh tế vĩ mô),Tăng
2023-01-14,21800.0,21350.0,,,,,,,
2023-01-15,21800.0,21350.0,,,,,,,
2023-01-16,21800.0,21350.0,82.65,,23445.0,,,,
2023-01-17,21800.0,21350.0,84.38,80.25,23427.0,20.97,,,
2023-01-18,21800.0,21350.0,83.78,79.53,23437.0,21.01,,,
2023-01-19,21800.0,21350.0,85.08,80.31,23440.0,22.91,Kỳ vọng nhu cầu từ Trung Quốc tăng mạnh khi quốc gia này dỡ bỏ các hạn chế Zero-COVID.,Cầu (Kinh tế vĩ mô),Tăng
2023-01-20,21800.0,21350.0,86.96,81.27,23440.0,23.48,"Dấu hiệu nguồn cung từ Nga có thể giảm do các lệnh trừng phạt của phương Tây, cùng với kỳ vọng nhu cầu từ Trung Quốc.",Địa chính trị & Xung đột,Tăng
2023-01-21,21800.0,21350.0,,,,,,,
2023-01-22,21800.0,21350.0,,,,,,,
2023-01-23,21800.0,21350.0,87.54,81.62,23440.0,25.06,,,
2023-01-24,21800.0,21350.0,85.25,79.86,23440.0,25.12,Tồn kho dầu thô của Mỹ tăng lên đáng kể (theo báo cáo API) và lo ngại suy thoái kinh tế toàn cầu gia tăng.,Cung (Tồn kho Mỹ),Giảm
2023-01-25,21800.0,21350.0,85.08,79.78,23440.0,22.8,,,
2023-01-26,21800.0,21350.0,86.29,80.64,23440.0,22.24,Kỳ vọng nhu cầu từ Trung Quốc phục hồi mạnh mẽ và dữ liệu GDP quý 4 của Mỹ tốt hơn dự kiến làm giảm bớt lo ngại suy thoái.,Cầu (Kinh tế vĩ mô),Tăng
2023-01-27,21800.0,21350.0,85.36,79.73,23460.0,22.06,,,
2023-01-28,21800.0,21350.0,,,,,,,
2023-01-29,21800.0,21350.0,,,,,,,
2023-01-30,22570.0,22320.0,84.9,77.97,23470.0,20.05,Đồng USD mạnh lên trước cuộc họp của FED về lãi suất và dấu hiệu nguồn cung dầu của Nga gia tăng.,Đồng USD & Tài chính,Giảm
2023-01-31,22570.0,22320.0,83.42,78.95,23445.0,22.34,,,
2023-02-01,22570.0,22320.0,81.61,76.34,23440.0,20.22,,,
2023-02-02,22570.0,22320.0,80.57,75.87,23449.0,20.83,,,
2023-02-03,22570.0,22320.0,78.85,73.4,23440.0,17.54,"Báo cáo việc làm Mỹ (Non-Farm Payrolls) mạnh mẽ hơn dự kiến, làm tăng lo ngại về tăng lãi suất của Fed và suy thoái kinh tế.",Cầu (Kinh tế vĩ mô),Giảm
2023-02-04,22570.0,22320.0,,,,,,,
2023-02-05,22570.0,22320.0,,,,,,,
2023-02-06,22570.0,22320.0,80.48,74.11,23480.0,18.69,Lạc quan về sự phục hồi nhu cầu dầu mỏ của Trung Quốc sau khi mở cửa trở lại.,Cầu (Kinh tế vĩ mô),Tăng
2023-02-07,22570.0,22320.0,82.92,77.17,23600.0,19.5,"Chủ tịch Fed Jerome Powell có phát biểu ít diều hâu hơn dự kiến, làm giảm bớt lo ngại về lãi suất và hỗ trợ tâm lý thị trường.",Cầu (Kinh tế vĩ mô),Tăng
2023-02-08,22570.0,22320.0,84.17,78.47,23590.0,18.35,"Cơ quan Năng lượng Quốc tế (IEA) nâng dự báo tăng trưởng nhu cầu dầu mỏ toàn cầu năm 2023, chủ yếu do Trung Quốc.",Cầu (Kinh tế vĩ mô),Tăng
2023-02-09,22570.0,22320.0,83.46,78.04,23560.0,18.29,,,
2023-02-10,22570.0,22320.0,85.46,79.74,23565.0,18.77,Nga thông báo cắt giảm sản lượng dầu 500.000 thùng/ngày vào tháng 3 để đáp trả các lệnh trừng phạt.,Cung (OPEC & Sản lượng),Tăng
2023-02-11,22570.0,22320.0,,,,,,,
2023-02-12,22570.0,22320.0,,,,,,,
2023-02-13,21590.0,22860.0,85.98,80.14,23595.0,19.7,,,
2023-02-14,21590.0,22860.0,84.96,79.08,23600.0,18.94,"Dữ liệu CPI (Chỉ số giá tiêu dùng) của Mỹ cho thấy lạm phát dai dẳng, làm tăng lo ngại về việc Fed tiếp tục tăng lãi suất mạnh.",Cầu (Kinh tế vĩ mô),Giảm
2023-02-15,21590.0,22860.0,84.11,78.57,23615.0,19.53,,,
2023-02-16,21590.0,22860.0,83.84,78.45,23680.0,17.15,,,
2023-02-17,21590.0,22860.0,81.97,76.31,23810.0,18.14,"Báo cáo của EIA cho thấy tồn kho dầu thô của Mỹ tăng mạnh hơn dự kiến, làm gia tăng lo ngại về nguồn cung dư thừa.",Cung (Tồn kho Mỹ),Giảm
2023-02-18,21590.0,22860.0,,,,,,,
2023-02-19,21590.0,22860.0,,,,,,,
2023-02-20,21590.0,22860.0,82.79,,23725.0,,,,
2023-02-21,20840.0,22540.0,82.14,76.28,23705.0,18.41,,,
2023-02-22,20840.0,22540.0,79.55,73.95,23780.0,17.58,"Biên bản cuộc họp của Fed cho thấy các quan chức sẵn sàng tăng lãi suất thêm, củng cố lo ngại về triển vọng nhu cầu.",Cầu (Kinh tế vĩ mô),Giảm
2023-02-23,20840.0,22540.0,82.08,75.26,23815.0,17.73,"Tin tức Nga dự kiến cắt giảm xuất khẩu dầu từ các cảng phía tây tới 25% vào tháng 3, làm tăng lo ngại về nguồn cung.",Cung (OPEC & Sản lượng),Tăng
2023-02-24,20840.0,22540.0,82.31,76.19,23780.0,15.91,,,
2023-02-25,20840.0,22540.0,,,,,,,
2023-02-26,20840.0,22540.0,,,,,,,
2023-02-27,20840.0,22540.0,81.24,75.57,23805.0,17.02,,,
2023-02-28,20840.0,22540.0,83.21,76.88,23740.0,18.35,,,
2023-03-01,20470.0,22420.0,83.68,77.57,23710.0,28.03,,,
2023-03-02,20470.0,22420.0,84.15,78.05,23700.0,28.66,,,
2023-03-03,20470.0,22420.0,85.74,79.62,23710.0,29.69,"Nga tuyên bố kế hoạch cắt giảm xuất khẩu dầu từ các cảng phía tây mạnh hơn dự kiến, làm thắt chặt nguồn cung.",Cung (OPEC & Sản lượng),Tăng
2023-03-04,20470.0,22420.0,,,,,,,
2023-03-05,20470.0,22420.0,,,,,,,
2023-03-06,20470.0,22420.0,85.86,80.39,23650.0,31.27,,,
2023-03-07,20470.0,22420.0,,,23640.0,30.14,"Chủ tịch Cục Dự trữ Liên bang Mỹ (Fed) Jerome Powell phát tín hiệu có thể tăng lãi suất mạnh hơn, làm gia tăng lo ngại về suy thoái kinh tế và giảm cầu dầu.",Cầu (Kinh tế vĩ mô),Giảm
2023-03-08,20470.0,22420.0,82.1,76.56,23710.0,30.27,,,
2023-03-09,20470.0,22420.0,81.0,75.6,23680.0,27.82,"Cơ quan Thông tin Năng lượng Mỹ (EIA) báo cáo tồn kho dầu thô của Mỹ tăng lớn hơn nhiều so với dự kiến, cho thấy nhu cầu yếu hơn hoặc nguồn cung dư thừa.",Cung (Tồn kho Mỹ),Giảm
2023-03-10,20470.0,22420.0,82.3,76.55,23660.0,28.34,"Đồng USD suy yếu sau dữ liệu việc làm của Mỹ, khiến dầu trở nên rẻ hơn cho người mua bằng các đồng tiền khác. Đồng thời, có tin đồn về khả năng OPEC+ cắt giảm sản lượng để ổn định giá.",Đồng USD & Tài chính,Tăng
2023-03-11,20470.0,22420.0,,,,,,,
2023-03-12,20470.0,22420.0,,,,,,,
2023-03-13,20710.0,22800.0,79.67,74.68,23570.0,28.07,"Lo ngại về sự ổn định của hệ thống ngân hàng lan rộng sau sự sụp đổ của Ngân hàng Thung lũng Silicon (SVB), gây ra tâm lý lo sợ suy thoái kinh tế và giảm cầu dầu.",Cầu (Kinh tế vĩ mô),Giảm
2023-03-14,20710.0,22800.0,76.77,71.18,23570.0,29.78,"Khủng hoảng ngân hàng leo thang với sự sụp đổ của Signature Bank và những lo ngại nghiêm trọng về Credit Suisse, làm gia tăng mạnh mẽ nguy cơ suy thoái kinh tế toàn cầu.",Cầu (Kinh tế vĩ mô),Giảm
2023-03-15,20710.0,22800.0,74.3,67.38,23565.0,28.72,Những lo ngại sâu sắc hơn về tình hình của Credit Suisse và khả năng lây lan trong hệ thống ngân hàng toàn cầu đã đẩy giá dầu xuống mức thấp nhất trong nhiều tháng.,Cầu (Kinh tế vĩ mô),Giảm
2023-03-16,20710.0,22800.0,73.12,68.15,23560.0,30.45,"Các ngân hàng trung ương phối hợp hành động để ổn định hệ thống tài chính (ví dụ, hỗ trợ từ Ngân hàng Quốc gia Thụy Sĩ cho Credit Suisse), đồng thời Cơ quan Năng lượng Quốc tế (IEA) nâng dự báo tăng trưởng cầu dầu năm 2023.",Cầu (Kinh tế vĩ mô),Tăng
2023-03-17,20710.0,22800.0,71.03,66.61,23570.0,32.09,"Những lo ngại về sự ổn định của hệ thống ngân hàng vẫn dai dẳng, cùng với đồng USD mạnh lên, gây áp lực lên giá dầu.",Cầu (Kinh tế vĩ mô),Giảm
2023-03-18,20710.0,22800.0,,,,,,,
2023-03-19,20710.0,22800.0,,,,,,,
2023-03-20,20710.0,22800.0,72.42,67.56,23570.0,32.72,,,
2023-03-21,19460.0,22020.0,74.78,69.4,23570.0,31.31,Lo ngại về khủng hoảng ngân hàng giảm bớt sau thương vụ UBS mua lại Credit Suisse và dữ liệu từ API cho thấy tồn kho dầu thô của Mỹ giảm.,Cầu (Kinh tế vĩ mô),Tăng
2023-03-22,19460.0,22020.0,76.08,70.71,23510.0,32.22,"EIA báo cáo tồn kho dầu thô của Mỹ giảm mạnh hơn dự kiến, cho thấy nguồn cung thắt chặt hơn trên thị trường.",Cung (Tồn kho Mỹ),Tăng
2023-03-23,19460.0,22020.0,74.31,69.77,23490.0,33.54,,,
2023-03-24,19460.0,22020.0,73.63,69.22,23510.0,33.73,,,
2023-03-25,19460.0,22020.0,,,,,,,
2023-03-26,19460.0,22020.0,,,,,,,
2023-03-27,19460.0,22020.0,76.8,72.87,23500.0,34.62,Xuất khẩu dầu thô của khu vực Kurdistan (Iraq) qua đường ống dẫn dầu đến cảng Ceyhan của Thổ Nhĩ Kỳ bị ngừng do phán quyết trọng tài và tranh chấp giữa Iraq và Kurdistan.,Địa chính trị & Xung đột,Tăng
2023-03-28,19460.0,22020.0,78.07,73.12,23480.0,35.26,,,
2023-03-29,19460.0,22020.0,77.51,72.95,23480.0,33.78,,,
2023-03-30,19460.0,22020.0,78.45,74.32,23470.0,32.51,,,
2023-03-31,19460.0,22020.0,79.19,75.68,23450.0,33.65,,,
2023-04-01,19460.0,22020.0,,,,,,,
2023-04-02,19460.0,22020.0,,,,,,,
2023-04-03,19030.0,22080.0,85.81,80.4,23470.0,30.88,,,
2023-04-04,19030.0,22080.0,85.7,80.7,23460.0,30.02,,,
2023-04-05,19030.0,22080.0,85.89,80.69,23465.0,33.45,,,
2023-04-06,19030.0,22080.0,86.56,80.7,23451.0,33.04,,,
2023-04-07,19030.0,22080.0,,,23442.0,,,,
2023-04-08,19030.0,22080.0,,,,,,,
2023-04-09,19030.0,22080.0,,,,,,,
2023-04-10,19030.0,22080.0,,79.79,23440.0,33.75,,,
2023-04-11,19730.0,23170.0,87.32,81.54,23445.0,34.73,Kỳ vọng nhu cầu dầu toàn cầu tăng lên và tác động từ cắt giảm sản lượng của OPEC+.,Cầu (Kinh tế vĩ mô),Tăng
2023-04-12,19730.0,23170.0,88.31,83.26,23442.0,33.32,Kỳ vọng nhu cầu mạnh mẽ từ Trung Quốc và tồn kho xăng Mỹ giảm bất ngờ.,Cầu (Kinh tế vĩ mô),Tăng
2023-04-13,19730.0,23170.0,86.51,82.16,23440.0,32.84,Lo ngại suy thoái kinh tế Mỹ gia tăng và khả năng Fed tiếp tục tăng lãi suất.,Cầu (Kinh tế vĩ mô),Giảm
2023-04-14,19730.0,23170.0,87.31,82.58,23440.0,32.8,,,
2023-04-15,19730.0,23170.0,,,,,,,
2023-04-16,19730.0,23170.0,,,,,,,
2023-04-17,19730.0,23170.0,85.63,80.93,23485.0,31.75,Lo ngại về tăng trưởng kinh tế toàn cầu chậm lại và dữ liệu kinh tế Trung Quốc không đồng nhất.,Cầu (Kinh tế vĩ mô),Giảm
2023-04-18,19730.0,23170.0,85.48,80.85,23505.0,30.77,,,
2023-04-19,19730.0,23170.0,85.34,79.18,23511.0,27.99,Tồn kho dầu thô của Mỹ tăng bất ngờ theo báo cáo EIA.,Cung (Tồn kho Mỹ),Giảm
2023-04-20,19730.0,23170.0,83.29,77.27,23488.0,27.53,Lo ngại về suy thoái kinh tế toàn cầu và dữ liệu kinh tế Mỹ yếu kém.,Cầu (Kinh tế vĩ mô),Giảm
2023-04-21,19480.0,22680.0,83.36,77.86,23485.0,27.61,,,
2023-04-22,19480.0,22680.0,,,,,,,
2023-04-23,19480.0,22680.0,,,,,,,
2023-04-24,19480.0,22680.0,84.23,78.64,23494.0,27.81,Kỳ vọng thắt chặt nguồn cung từ OPEC+ và báo cáo xuất khẩu dầu của Saudi Arabia giảm.,Cung (OPEC & Sản lượng),Tăng
2023-04-25,19480.0,22680.0,82.13,77.05,23473.0,27.95,Lo ngại về suy thoái kinh tế Mỹ và đồng USD mạnh lên.,Cầu (Kinh tế vĩ mô),Giảm
2023-04-26,19480.0,22680.0,79.19,74.33,23465.0,29.38,Tồn kho dầu thô của Mỹ tăng mạnh bất ngờ theo báo cáo EIA.,Cung (Tồn kho Mỹ),Giảm
2023-04-27,19480.0,22680.0,80.11,74.77,23445.0,28.01,,,
2023-04-28,19480.0,22680.0,81.32,76.78,23450.0,28.74,Hoạt động mua lại sau đợt bán tháo và đồng USD suy yếu nhẹ.,Đồng USD & Tài chính,Tăng
2023-04-29,19480.0,22680.0,,,,,,,
2023-04-30,19480.0,22680.0,,,,,,,
2023-05-01,19480.0,22680.0,,75.65,23450.0,27.81,,,
2023-05-02,19480.0,22680.0,76.71,71.71,23450.0,26.98,Lo ngại về ngành ngân hàng Mỹ và triển vọng suy thoái kinh tế toàn cầu,Cầu (Kinh tế vĩ mô),Giảm
2023-05-03,19480.0,22680.0,72.91,68.62,23450.0,25.2,Tồn kho dầu thô Mỹ tăng bất ngờ và lo lắng về nhu cầu sau quyết định tăng lãi suất của Fed,Cung (Tồn kho Mỹ),Giảm
2023-05-04,18520.0,21430.0,73.0,68.52,23445.0,25.19,,,
2023-05-05,18520.0,21430.0,75.85,71.32,23440.0,24.62,Dữ liệu việc làm Mỹ mạnh mẽ và giảm bớt lo ngại khủng hoảng ngân hàng khu vực,Cầu (Kinh tế vĩ mô),Tăng
2023-05-06,18520.0,21430.0,,,,,,,
2023-05-07,18520.0,21430.0,,,,,,,
2023-05-08,18520.0,21430.0,,73.13,23443.0,26.38,Kỳ vọng tăng trưởng nhu cầu từ Trung Quốc và tâm lý lạc quan trên thị trường chung,Cầu (Kinh tế vĩ mô),Tăng
2023-05-09,18520.0,21430.0,77.76,73.68,23460.0,26.72,,,
2023-05-10,18520.0,21430.0,76.7,72.53,23465.0,28.38,Tồn kho dầu thô Mỹ tăng bất ngờ và lo ngại về trần nợ công của Mỹ,Cung (Tồn kho Mỹ),Giảm
2023-05-11,17970.0,20130.0,75.32,70.81,23465.0,28.24,Lo ngại bế tắc đàm phán trần nợ Mỹ và dữ liệu xuất khẩu yếu từ Trung Quốc,Cầu (Kinh tế vĩ mô),Giảm
2023-05-12,17970.0,20130.0,74.54,70.02,23450.0,27.9,,,
2023-05-13,17970.0,20130.0,,,,,,,
2023-05-14,17970.0,20130.0,,,,,,,
2023-05-15,17970.0,20130.0,75.46,71.07,23458.0,28.59,Tiến triển trong đàm phán trần nợ Mỹ và cảnh báo của Bộ trưởng Năng lượng Saudi Arabia đối với người bán khống,Cung (OPEC & Sản lượng),Tăng
2023-05-16,17970.0,20130.0,75.15,70.85,23450.0,29.21,,,
2023-05-17,17970.0,20130.0,76.98,72.78,23450.0,30.95,Tồn kho dầu thô Mỹ giảm mạnh hơn dự kiến,Cung (Tồn kho Mỹ),Tăng
2023-05-18,17970.0,20130.0,75.75,71.82,23450.0,32.01,Lo ngại về suy thoái kinh tế toàn cầu sau dữ liệu sản xuất yếu và sự không chắc chắn về trần nợ Mỹ,Cầu (Kinh tế vĩ mô),Giảm
2023-05-19,17970.0,20130.0,75.42,71.57,23460.0,32.62,,,
2023-05-20,17970.0,20130.0,,,,,,,
2023-05-21,17970.0,20130.0,,,,,,,
2023-05-22,17960.0,20480.0,75.77,71.81,23438.0,35.26,,,
2023-05-23,17960.0,20480.0,76.66,72.87,23470.0,34.97,,,
2023-05-24,17960.0,20480.0,77.99,74.37,23470.0,35.93,Lạc quan mạnh mẽ về khả năng đạt được thỏa thuận trần nợ Mỹ,Cầu (Kinh tế vĩ mô),Tăng
2023-05-25,17960.0,20480.0,75.66,71.68,23470.0,36.03,Dữ liệu kinh tế Mỹ mạnh mẽ làm tăng kỳ vọng Fed tiếp tục tăng lãi suất,Cầu (Kinh tế vĩ mô),Giảm
2023-05-26,17960.0,20480.0,76.33,72.35,23475.0,36.59,,,
2023-05-27,17960.0,20480.0,,,,,,,
2023-05-28,17960.0,20480.0,,,,,,,
2023-05-29,17960.0,20480.0,,,23465.0,,,,
2023-05-30,17960.0,20480.0,73.38,69.45,23480.0,35.49,Dự đoán OPEC+ sẽ không thực hiện cắt giảm sản lượng bổ sung và lo ngại suy thoái kinh tế toàn cầu,Cung (OPEC & Sản lượng),Giảm
2023-05-31,17960.0,20480.0,71.98,68.11,23485.0,34.86,,,
2023-06-01,17770.0,20870.0,74.18,70.09,23485.0,28.04,,,
2023-06-02,17770.0,20870.0,76.0,71.76,23475.0,28.9,"Kỳ vọng OPEC+ sẽ cắt giảm sản lượng hoặc giữ nguyên chính sách hiện tại trong cuộc họp sắp tới, cùng với việc thông qua thỏa thuận trần nợ Mỹ.",Cung (OPEC & Sản lượng),Tăng
2023-06-03,17770.0,20870.0,,,,,,,
2023-06-04,17770.0,20870.0,,,,,,,
2023-06-05,17770.0,20870.0,76.61,72.14,23495.0,29.31,,,
2023-06-06,17770.0,20870.0,76.22,71.71,23485.0,31.41,,,
2023-06-07,17770.0,20870.0,76.85,72.52,23485.0,33.98,,,
2023-06-08,17770.0,20870.0,75.88,71.28,23490.0,33.77,,,
2023-06-09,17770.0,20870.0,74.74,70.16,23470.0,34.12,"Báo cáo tồn kho dầu thô Mỹ tăng bất ngờ, kết hợp với lo ngại về tăng trưởng nhu cầu toàn cầu chậm lại, đặc biệt từ Trung Quốc.",Cung (Tồn kho Mỹ),Giảm
2023-06-10,17770.0,20870.0,,,,,,,
2023-06-11,17770.0,20870.0,,,,,,,
2023-06-12,17820.0,20870.0,71.8,67.08,23480.0,32.43,"Lo ngại về triển vọng nhu cầu dầu của Trung Quốc suy yếu, được củng cố bởi các dữ liệu kinh tế đáng thất vọng.",Cầu (Kinh tế vĩ mô),Giảm
2023-06-13,17820.0,20870.0,74.24,69.39,23495.0,33.14,"Kỳ vọng Trung Quốc sẽ công bố các biện pháp kích thích kinh tế mới nhằm hỗ trợ tăng trưởng, thúc đẩy triển vọng nhu cầu dầu.",Cầu (Kinh tế vĩ mô),Tăng
2023-06-14,17820.0,20870.0,73.39,68.22,23500.0,34.09,"Quyết định của Cục Dự trữ Liên bang Mỹ (FED) tạm dừng tăng lãi suất nhưng phát tín hiệu có thể tiếp tục tăng trong tương lai (hawkish pause), làm dấy lên lo ngại về triển vọng kinh tế và nhu cầu dầu.",Cầu (Kinh tế vĩ mô),Giảm
2023-06-15,17820.0,20870.0,75.75,70.61,23525.0,35.28,"Dữ liệu từ Cơ quan Thông tin Năng lượng Mỹ (EIA) cho thấy tồn kho dầu thô của Mỹ giảm mạnh hơn dự kiến, cho thấy nhu cầu mạnh mẽ hơn.",Cung (Tồn kho Mỹ),Tăng
2023-06-16,17820.0,20870.0,76.76,71.81,23520.0,35.97,,,
2023-06-17,17820.0,20870.0,,,,,,,
2023-06-18,17820.0,20870.0,,,,,,,
2023-06-19,17820.0,20870.0,76.09,,23520.0,,,,
2023-06-20,17820.0,20870.0,75.79,70.94,23520.0,33.69,,,
2023-06-21,17950.0,20870.0,76.92,72.55,23505.0,33.09,"Tuyên bố của Ả Rập Xê Út về việc sẵn sàng thực hiện mọi biện pháp cần thiết để ổn định thị trường dầu mỏ, gợi ý về khả năng cắt giảm sản lượng trong tương lai.",Cung (OPEC & Sản lượng),Tăng
2023-06-22,17950.0,20870.0,73.93,69.22,23515.0,32.96,Lo ngại sâu sắc về triển vọng kinh tế toàn cầu và nhu cầu dầu sau các tín hiệu kinh tế yếu từ Trung Quốc và phát biểu diều hâu của Chủ tịch FED Jerome Powell.,Cầu (Kinh tế vĩ mô),Giảm
2023-06-23,17950.0,20870.0,73.56,68.91,23515.0,31.87,,,
2023-06-24,17950.0,20870.0,,,,,,,
2023-06-25,17950.0,20870.0,,,,,,,
2023-06-26,17950.0,20870.0,73.86,69.09,23530.0,32.39,,,
2023-06-27,17950.0,20870.0,71.88,67.68,23520.0,33.45,"Dữ liệu kinh tế toàn cầu suy yếu, đặc biệt là từ Trung Quốc và Châu Âu, làm gia tăng lo ngại về nhu cầu dầu.",Cầu (Kinh tế vĩ mô),Giảm
2023-06-28,17950.0,20870.0,73.64,69.54,23555.0,35.31,"Dữ liệu từ Cơ quan Thông tin Năng lượng Mỹ (EIA) cho thấy tồn kho dầu thô của Mỹ giảm mạnh hơn dự kiến rất nhiều, cho thấy nhu cầu mạnh mẽ tại Mỹ.",Cung (Tồn kho Mỹ),Tăng
2023-06-29,17950.0,20870.0,73.86,69.85,23569.0,35.6,,,
2023-06-30,17950.0,20870.0,74.51,70.66,23575.0,35.73,,,
2023-07-01,17950.0,20870.0,,,,,,,
2023-07-02,17950.0,20870.0,,,,,,,
2023-07-03,17920.0,20470.0,74.52,69.71,23695.0,28.77,,,
2023-07-04,17920.0,20470.0,76.23,,23700.0,,,,
2023-07-05,17920.0,20470.0,76.74,71.78,23745.0,29.12,Tồn kho dầu thô Mỹ giảm mạnh hơn dự kiến (theo EIA),Cung (Tồn kho Mỹ),Tăng
2023-07-06,17920.0,20470.0,76.72,71.76,23710.0,30.32,,,
2023-07-07,17920.0,20470.0,78.77,73.91,23635.0,30.28,Dữ liệu việc làm Mỹ tháng 6 mạnh hơn dự kiến,Cầu (Kinh tế vĩ mô),Tăng
2023-07-08,17920.0,20470.0,,,,,,,
2023-07-09,17920.0,20470.0,,,,,,,
2023-07-10,17920.0,20470.0,77.83,73.05,23640.0,30.23,,,
2023-07-11,18320.0,20410.0,79.54,74.87,23690.0,30.75,OPEC và IEA duy trì dự báo tăng trưởng nhu cầu dầu mỏ mạnh mẽ,Cầu (Kinh tế vĩ mô),Tăng
2023-07-12,18320.0,20410.0,80.35,75.77,23660.0,31.9,,,
2023-07-13,18320.0,20410.0,81.31,76.86,23665.0,31.14,Dữ liệu CPI Mỹ tháng 6 thấp hơn dự kiến làm giảm áp lực tăng lãi suất,Cầu (Kinh tế vĩ mô),Tăng
2023-07-14,18320.0,20410.0,79.9,75.44,23630.0,31.17,Dữ liệu GDP Trung Quốc quý 2 yếu hơn dự kiến,Cầu (Kinh tế vĩ mô),Giảm
2023-07-15,18320.0,20410.0,,,,,,,
2023-07-16,18320.0,20410.0,,,,,,,
2023-07-17,18320.0,20410.0,77.8,74.17,23630.0,32.03,Lo ngại kéo dài về dữ liệu kinh tế yếu kém của Trung Quốc,Cầu (Kinh tế vĩ mô),Giảm
2023-07-18,18320.0,20410.0,79.54,75.76,23635.0,33.53,Kỳ vọng nguồn cung toàn cầu thắt chặt từ OPEC+,Cung (OPEC & Sản lượng),Tăng
2023-07-19,18320.0,20410.0,79.38,75.4,23630.0,34.8,,,
2023-07-20,18320.0,20410.0,79.62,75.65,23647.0,35.57,,,
2023-07-21,19180.0,21630.0,81.06,77.06,23656.0,36.61,Căng thẳng địa chính trị ở Biển Đen leo thang,Địa chính trị & Xung đột,Tăng
2023-07-22,19180.0,21630.0,,,,,,,
2023-07-23,19180.0,21630.0,,,,,,,
2023-07-24,19180.0,21630.0,82.53,78.81,23665.0,38.85,Kỳ vọng về các biện pháp kích thích kinh tế của Trung Quốc,Cầu (Kinh tế vĩ mô),Tăng
2023-07-25,19180.0,21630.0,83.46,79.76,23655.0,36.2,,,
2023-07-26,19180.0,21630.0,82.98,79.11,23665.0,39.18,,,
2023-07-27,19180.0,21630.0,84.28,80.17,23661.0,39.68,Dữ liệu GDP Mỹ quý 2 mạnh hơn dự kiến và tồn kho dầu thô Mỹ giảm mạnh,Cầu (Kinh tế vĩ mô),Tăng
2023-07-28,19180.0,21630.0,84.49,80.55,23685.0,39.15,,,
2023-07-29,19180.0,21630.0,,,,,,,
2023-07-30,19180.0,21630.0,,,,,,,
2023-07-31,19180.0,21630.0,85.22,81.8,23680.0,37.46,,,
2023-08-01,20270.0,22790.0,85.34,81.37,23680.0,35.76,,,
2023-08-02,20270.0,22790.0,84.01,79.5,23735.0,33.38,Báo cáo tồn kho dầu thô Mỹ tăng bất ngờ từ EIA,Cung (Tồn kho Mỹ),Giảm
2023-08-03,20270.0,22790.0,86.19,81.56,23750.0,30.98,"Kỳ vọng OPEC+ (Ả Rập Xê Út, Nga) kéo dài cắt giảm sản lượng",Cung (OPEC & Sản lượng),Tăng
2023-08-04,20270.0,22790.0,87.38,82.76,23725.0,30.65,Ả Rập Xê Út chính thức xác nhận kéo dài cắt giảm sản lượng dầu thô,Cung (OPEC & Sản lượng),Tăng
2023-08-05,20270.0,22790.0,,,,,,,
2023-08-06,20270.0,22790.0,,,,,,,
2023-08-07,20270.0,22790.0,86.47,81.94,23720.0,32.44,,,
2023-08-08,20270.0,22790.0,88.0,82.94,23730.0,33.32,,,
2023-08-09,20270.0,22790.0,89.31,84.35,23735.0,35.44,Báo cáo tồn kho dầu thô Mỹ giảm mạnh từ EIA,Cung (Tồn kho Mỹ),Tăng
2023-08-10,20270.0,22790.0,87.44,82.81,23740.0,35.6,"Dữ liệu CPI của Mỹ cao hơn dự kiến, làm dấy lên lo ngại về lãi suất FED",Cầu (Kinh tế vĩ mô),Giảm
2023-08-11,21880.0,22820.0,87.93,83.17,23750.0,37.72,,,
2023-08-12,21880.0,22820.0,,,,,,,
2023-08-13,21880.0,22820.0,,,,,,,
2023-08-14,21880.0,22820.0,87.4,82.5,23815.0,35.85,,,
2023-08-15,21880.0,22820.0,86.28,81.06,23965.0,34.71,Dữ liệu kinh tế Trung Quốc yếu kém và cắt giảm lãi suất ngân hàng trung ương,Cầu (Kinh tế vĩ mô),Giảm
2023-08-16,21880.0,22820.0,84.49,79.4,23935.0,36.97,Báo cáo tồn kho dầu thô Mỹ tăng mạnh bất ngờ từ EIA,Cung (Tồn kho Mỹ),Giảm
2023-08-17,21880.0,22820.0,85.24,80.43,23850.0,34.39,,,
2023-08-18,21880.0,22820.0,85.92,81.25,23805.0,33.77,,,
2023-08-19,21880.0,22820.0,,,,,,,
2023-08-20,21880.0,22820.0,,,,,,,
2023-08-21,22300.0,23330.0,85.44,80.71,23805.0,31.99,,,
2023-08-22,22300.0,23330.0,84.7,80.25,23920.0,33.11,,,
2023-08-23,22300.0,23330.0,83.94,78.91,23985.0,33.08,,,
2023-08-24,22300.0,23330.0,84.07,79.52,23995.0,33.4,,,
2023-08-25,22300.0,23330.0,85.42,80.47,24024.0,36.33,Bài phát biểu của Chủ tịch FED Powell tại Jackson Hole (ít diều hâu hơn dự kiến),Cầu (Kinh tế vĩ mô),Tăng
2023-08-26,22300.0,23330.0,,,,,,,
2023-08-27,22300.0,23330.0,,,,,,,
2023-08-28,22300.0,23330.0,,80.65,24080.0,33.0,,,
2023-08-29,22300.0,23330.0,86.37,81.14,24180.0,31.71,Báo cáo tồn kho dầu thô Mỹ giảm mạnh từ API,Cung (Tồn kho Mỹ),Tăng
2023-08-30,22300.0,23330.0,86.62,81.64,24110.0,32.13,,,
2023-08-31,22300.0,23330.0,87.29,83.55,24060.0,29.33,,,
2023-09-01,22300.0,23330.0,89.98,85.52,24060.0,20.28,,,
2023-09-02,22300.0,23330.0,,,,,,,
2023-09-03,22300.0,23330.0,,,,,,,
2023-09-04,22300.0,23330.0,90.42,,24060.0,,,,
2023-09-05,22810.0,23470.0,91.25,86.74,24050.0,18.36,Ả Rập Xê Út và Nga xác nhận kéo dài cắt giảm sản lượng tự nguyện đến cuối năm.,Cung (OPEC & Sản lượng),Tăng
2023-09-06,22810.0,23470.0,91.79,87.55,24055.0,18.66,,,
2023-09-07,22810.0,23470.0,91.16,86.87,24060.0,20.25,,,
2023-09-08,22810.0,23470.0,91.85,87.51,24055.0,20.81,,,
2023-09-09,22810.0,23470.0,,,,,,,
2023-09-10,22810.0,23470.0,,,,,,,
2023-09-11,23180.0,23470.0,91.97,87.3,24075.0,23.55,,,
2023-09-12,23180.0,23470.0,93.58,88.87,24100.0,22.51,"OPEC và IEA duy trì dự báo nhu cầu dầu mạnh mẽ, củng cố lo ngại thắt chặt nguồn cung.",Cung (OPEC & Sản lượng),Tăng
2023-09-13,23180.0,23470.0,93.04,88.59,24155.0,23.13,,,
2023-09-14,23180.0,23470.0,95.2,90.13,24220.0,21.49,"Tồn kho dầu thô Mỹ giảm mạnh hơn dự kiến, cho thấy nhu cầu mạnh và nguồn cung thắt chặt.",Cung (Tồn kho Mỹ),Tăng
2023-09-15,23180.0,23470.0,95.55,90.83,24250.0,19.81,,,
2023-09-16,23180.0,23470.0,,,,,,,
2023-09-17,23180.0,23470.0,,,,,,,
2023-09-18,23180.0,23470.0,95.95,91.47,24370.0,18.88,,,
2023-09-19,23180.0,23470.0,96.11,91.16,24370.0,17.3,,,
2023-09-20,23180.0,23470.0,94.56,89.2,24270.0,16.48,,,
2023-09-21,23810.0,24190.0,93.7,89.56,24310.0,16.74,,,
2023-09-22,23810.0,24190.0,93.99,90.0,24360.0,14.33,,,
2023-09-23,23810.0,24190.0,,,,,,,
2023-09-24,23810.0,24190.0,,,,,,,
2023-09-25,23810.0,24190.0,94.01,89.68,24380.0,13.55,,,
2023-09-26,23810.0,24190.0,94.46,91.43,24380.0,13.65,,,
2023-09-27,23810.0,24190.0,97.1,93.67,24385.0,12.59,Tồn kho dầu thô Mỹ bất ngờ giảm; lo ngại thắt chặt nguồn cung toàn cầu tiếp tục gia tăng.,Cung (Tồn kho Mỹ),Tăng
2023-09-28,23810.0,24190.0,96.64,91.65,24385.0,9.84,Đồng USD mạnh lên và lo ngại về triển vọng nhu cầu do lãi suất cao làm giảm giá dầu.,Đồng USD & Tài chính,Giảm
2023-09-29,23810.0,24190.0,95.86,90.77,24280.0,7.17,,,
2023-09-30,23810.0,24190.0,,,,,,,
2023-10-01,23810.0,24190.0,,,,,,,
2023-10-02,23810.0,23500.0,91.21,88.81,24340.0,10.6,,,
2023-10-03,23810.0,23500.0,94.46,89.26,24385.0,8.2,,,
2023-10-04,23810.0,23500.0,89.83,84.32,24420.0,6.51,Tồn kho dầu thô Mỹ tăng mạnh hơn dự kiến & Lo ngại nhu cầu toàn cầu,Cung (Tồn kho Mỹ),Giảm
2023-10-05,23810.0,23500.0,88.28,82.3,24380.0,7.87,Lo ngại suy thoái kinh tế toàn cầu & Đồng USD mạnh lên,Cầu (Kinh tế vĩ mô),Giảm
2023-10-06,23810.0,23500.0,87.86,82.83,24360.0,7.49,,,
2023-10-07,23810.0,23500.0,,,,,,,
2023-10-08,23810.0,23500.0,,,,,,,
2023-10-09,23810.0,23500.0,91.37,,24370.0,5.85,Xung đột Israel-Hamas bùng nổ,Địa chính trị & Xung đột,Tăng
2023-10-10,23810.0,23500.0,90.7,85.89,24390.0,7.2,,,
2023-10-11,22460.0,21900.0,87.58,83.7,24440.0,7.0,Lo ngại nhu cầu suy yếu & Đồng USD mạnh lên sau biên bản Fed,Cầu (Kinh tế vĩ mô),Giảm
2023-10-12,22460.0,21900.0,88.4,82.87,24435.0,4.93,,,
2023-10-13,22460.0,21900.0,94.33,87.67,24440.0,4.25,Nguy cơ leo thang xung đột tại Trung Đông (Lệnh di tản ở Gaza),Địa chính trị & Xung đột,Tăng
2023-10-14,22460.0,21900.0,,,,,,,
2023-10-15,22460.0,21900.0,,,,,,,
2023-10-16,22460.0,21900.0,90.99,86.65,24460.0,5.82,Giảm bớt lo ngại nguồn cung bị gián đoạn từ xung đột Trung Đông,Địa chính trị & Xung đột,Giảm
2023-10-17,22460.0,21900.0,92.52,86.66,24490.0,6.05,,,
2023-10-18,22460.0,21900.0,91.99,88.35,24555.0,7.35,Tình hình Gaza leo thang & Tồn kho dầu thô Mỹ giảm bất ngờ,Địa chính trị & Xung đột,Tăng
2023-10-19,22460.0,21900.0,93.12,89.35,24550.0,6.81,,,
2023-10-20,22460.0,21900.0,93.72,89.12,24520.0,7.53,,,
2023-10-21,22460.0,21900.0,,,,,,,
2023-10-22,22460.0,21900.0,,,,,,,
2023-10-23,22750.0,22360.0,91.88,85.49,24590.0,7.97,Giảm bớt lo ngại xung đột lan rộng & Nhu cầu toàn cầu chậm lại,Địa chính trị & Xung đột,Giảm
2023-10-24,22750.0,22360.0,88.0,84.58,24550.0,7.17,Lo ngại nhu cầu toàn cầu suy giảm & Đồng USD mạnh,Cầu (Kinh tế vĩ mô),Giảm
2023-10-25,22750.0,22360.0,90.14,86.07,24560.0,5.81,Tái leo thang căng thẳng ở Trung Đông (Phản ứng từ Iran) & Tồn kho Mỹ,Địa chính trị & Xung đột,Tăng
2023-10-26,22750.0,22360.0,88.45,83.8,24590.0,6.83,Lo ngại nhu cầu suy yếu do kinh tế & Đồng USD mạnh,Cầu (Kinh tế vĩ mô),Giảm
2023-10-27,22750.0,22360.0,90.73,86.04,24570.0,6.64,Israel mở rộng hoạt động trên bộ tại Gaza,Địa chính trị & Xung đột,Tăng
2023-10-28,22750.0,22360.0,,,,,,,
2023-10-29,22750.0,22360.0,,,,,,,
2023-10-30,22750.0,22360.0,90.73,83.03,24558.0,5.79,Giảm bớt lo ngại leo thang xung đột Trung Đông & Nhu cầu toàn cầu,Địa chính trị & Xung đột,Giảm
2023-10-31,22750.0,22360.0,86.82,81.64,24560.0,5.94,,,
2023-11-01,22300.0,22610.0,86.92,81.05,24585.0,7.16,,,
2023-11-02,22300.0,22610.0,89.02,83.04,24570.0,7.48,"Saudi Arabia và Nga tái khẳng định cam kết cắt giảm sản lượng, đồng thời xem xét cắt giảm sâu hơn. Dữ liệu tồn kho Mỹ tăng ít hơn dự kiến.",Cung (OPEC & Sản lượng),Tăng
2023-11-03,22300.0,22610.0,87.55,81.19,24520.0,7.55,Lo ngại về tăng trưởng kinh tế toàn cầu và triển vọng nhu cầu sau dữ liệu sản xuất yếu từ Trung Quốc và Châu Âu.,Cầu (Kinh tế vĩ mô),Giảm
2023-11-04,22300.0,22610.0,,,,,,,
2023-11-05,22300.0,22610.0,,,,,,,
2023-11-06,22300.0,22610.0,87.31,81.54,24335.0,8.73,,,
2023-11-07,22300.0,22610.0,83.43,77.96,24310.0,9.43,"Lo ngại về tăng trưởng kinh tế toàn cầu chậm lại tiếp tục đè nặng, cùng với việc không có sự gián đoạn nguồn cung lớn ở Trung Đông.",Cầu (Kinh tế vĩ mô),Giảm
2023-11-08,22300.0,22610.0,81.46,75.85,24370.0,9.86,"Dữ liệu tồn kho dầu thô của Mỹ tăng mạnh hơn dự kiến, cho thấy nhu cầu yếu hoặc nguồn cung dồi dào.",Cung (Tồn kho Mỹ),Giảm
2023-11-09,22300.0,22610.0,81.74,76.34,24340.0,10.74,,,
2023-11-10,22300.0,22610.0,83.66,,24315.0,10.53,Kỳ vọng tích cực về hội nghị thượng đỉnh Mỹ-Trung sắp tới và đồn đoán về việc OPEC+ duy trì hoặc tăng cường cắt giảm sản lượng.,Cầu (Kinh tế vĩ mô),Tăng
2023-11-11,22300.0,22610.0,,,,,,,
2023-11-12,22300.0,22610.0,,,,,,,
2023-11-13,21510.0,22270.0,84.09,78.86,24383.0,11.39,"Kết quả tích cực từ hội nghị thượng đỉnh Mỹ-Trung đã xoa dịu lo ngại về căng thẳng thương mại, cùng với lo ngại địa chính trị ở Trung Đông cung cấp hỗ trợ cơ bản.",Địa chính trị & Xung đột,Tăng
2023-11-14,21510.0,22270.0,84.2,78.9,24355.0,10.89,,,
2023-11-15,21510.0,22270.0,82.4,77.15,24290.0,11.3,"Dữ liệu tồn kho dầu thô của Mỹ tiếp tục tăng, cùng với dữ liệu kinh tế Trung Quốc đáng thất vọng làm dấy lên lo ngại về nhu cầu.",Cung (Tồn kho Mỹ),Giảm
2023-11-16,21510.0,22270.0,77.73,73.5,24288.0,10.83,"Cơ quan Năng lượng Quốc tế (IEA) cắt giảm mạnh dự báo tăng trưởng nhu cầu dầu toàn cầu cho năm 2023 và 2024, gây áp lực giảm giá lớn.",Cầu (Kinh tế vĩ mô),Giảm
2023-11-17,21510.0,22270.0,81.22,76.47,24250.0,11.14,Đồn đoán OPEC+ sẽ xem xét cắt giảm sản lượng sâu hơn tại cuộc họp sắp tới đã thúc đẩy giá dầu tăng mạnh.,Cung (OPEC & Sản lượng),Tăng
2023-11-18,21510.0,22270.0,,,,,,,
2023-11-19,21510.0,22270.0,,,,,,,
2023-11-20,21510.0,22270.0,83.25,78.1,24170.0,11.17,Kỳ vọng OPEC+ sẽ thực hiện cắt giảm sản lượng sâu hơn và lo ngại về tình hình địa chính trị ở Biển Đỏ.,Cung (OPEC & Sản lượng),Tăng
2023-11-21,21510.0,22270.0,82.42,78.35,24130.0,11.37,,,
2023-11-22,21510.0,22270.0,81.76,76.8,24205.0,11.8,,,
2023-11-23,20940.0,21690.0,80.85,,24240.0,11.63,,,
2023-11-24,20940.0,21690.0,79.82,74.83,24260.0,10.35,,,
2023-11-25,20940.0,21690.0,,,,,,,
2023-11-26,20940.0,21690.0,,,,,,,
2023-11-27,20940.0,21690.0,79.49,74.46,24230.0,11.58,,,
2023-11-28,20940.0,21690.0,81.66,76.09,24230.0,11.98,Kỳ vọng mạnh mẽ OPEC+ sẽ thực hiện cắt giảm sản lượng sâu hơn tại cuộc họp sắp tới (đã bị hoãn đến 30/11) để hỗ trợ giá.,Cung (OPEC & Sản lượng),Tăng
2023-11-29,20940.0,21690.0,82.98,77.56,24260.0,12.81,"Kỳ vọng về việc OPEC+ sẽ cắt giảm sản lượng tiếp tục tăng cao trước cuộc họp, cùng với dữ liệu tồn kho dầu thô của Mỹ giảm mạnh hơn dự kiến.",Cung (OPEC & Sản lượng),Tăng
2023-11-30,21110.0,21790.0,81.72,75.66,24250.0,9.56,,,
2023-12-01,21110.0,21790.0,78.72,73.7,24290.0,10.21,,,
2023-12-02,21110.0,21790.0,,,,,,,
2023-12-03,21110.0,21790.0,,,,,,,
2023-12-04,21110.0,21790.0,78.16,72.73,24250.0,11.61,,,
2023-12-05,21110.0,21790.0,77.27,71.95,24266.0,11.43,,,
2023-12-06,21110.0,21790.0,74.33,68.98,24274.0,10.97,"Thị trường nghi ngờ về hiệu quả cắt giảm sản lượng của OPEC+, tồn kho dầu thô Mỹ tăng bất ngờ",Cung (OPEC & Sản lượng),Giảm
2023-12-07,20920.0,21290.0,74.21,69.0,24275.0,10.0,,,
2023-12-08,20920.0,21290.0,75.94,70.87,24220.0,10.25,"Nga cam kết cắt giảm xuất khẩu, dữ liệu việc làm Mỹ mạnh hơn dự kiến",Cung (OPEC & Sản lượng),Tăng
2023-12-09,20920.0,21290.0,,,,,,,
2023-12-10,20920.0,21290.0,,,,,,,
2023-12-11,20920.0,21290.0,75.75,70.95,24250.0,9.78,,,
2023-12-12,20920.0,21290.0,74.11,68.27,24260.0,9.91,"Báo cáo EIA/OPEC hạ dự báo nhu cầu dầu 2024, lạm phát cốt lõi Mỹ cao hơn dự kiến",Cầu (Kinh tế vĩ mô),Giảm
2023-12-13,20920.0,21290.0,74.14,69.09,24279.0,10.79,"FED phát tín hiệu cắt giảm lãi suất vào năm 2024, làm suy yếu đồng USD",Cầu (Kinh tế vĩ mô),Tăng
2023-12-14,19960.0,20510.0,77.05,71.21,24245.0,12.38,Căng thẳng Biển Đỏ leo thang với các cuộc tấn công của Houthi vào tàu thương mại,Địa chính trị & Xung đột,Tăng
2023-12-15,19960.0,20510.0,76.84,71.05,24260.0,13.2,,,
2023-12-16,19960.0,20510.0,,,,,,,
2023-12-17,19960.0,20510.0,,,,,,,
2023-12-18,19960.0,20510.0,78.89,72.16,24350.0,12.73,Các công ty vận tải biển lớn bắt đầu chuyển hướng tàu khỏi Biển Đỏ do các cuộc tấn công của Houthi,Địa chính trị & Xung đột,Tăng
2023-12-19,19960.0,20510.0,79.82,73.23,24350.0,13.2,"Căng thẳng Biển Đỏ tiếp tục leo thang, tồn kho dầu thô Mỹ giảm mạnh",Địa chính trị & Xung đột,Tăng
2023-12-20,19960.0,20510.0,81.1,73.87,24335.0,12.73,,,
2023-12-21,20490.0,21190.0,80.73,73.59,24320.0,11.27,,,
2023-12-22,20490.0,21190.0,80.23,73.29,24235.0,10.39,,,
2023-12-23,20490.0,21190.0,,,,,,,
2023-12-24,20490.0,21190.0,,,,,,,
2023-12-25,20490.0,21190.0,,,24230.0,,,,
2023-12-26,20490.0,21190.0,,75.84,24325.0,9.58,"Tình hình địa chính trị Biển Đỏ leo thang, kỳ vọng hạ cánh mềm cho kinh tế Mỹ",Địa chính trị & Xung đột,Tăng
2023-12-27,20490.0,21190.0,80.97,74.31,24345.0,10.86,"Angola tuyên bố rời OPEC từ tháng 1/2024, làm dấy lên lo ngại về nguồn cung dư thừa",Cung (OPEC & Sản lượng),Giảm
2023-12-28,20450.0,21180.0,79.04,72.02,24235.0,9.19,Tồn kho dầu thô và sản phẩm chưng cất của Mỹ tăng cao hơn dự kiến,Cung (Tồn kho Mỹ),Giảm
2023-12-29,20450.0,21180.0,77.69,71.89,24260.0,11.27,"Hoạt động chốt lời cuối năm, lo ngại về triển vọng kinh tế toàn cầu và nguồn cung dư thừa",Cầu (Kinh tế vĩ mô),Giảm
2023-12-30,20450.0,21180.0,,,,,,,
2023-12-31,20450.0,21180.0,,,,,,,
2024-01-01,20450.0,21180.0,,,24260.0,,,,
2024-01-02,20450.0,21180.0,76.24,70.62,24325.0,12.1,,,
2024-01-03,20450.0,21180.0,77.18,72.97,24370.0,12.39,"Căng thẳng địa chính trị leo thang ở Biển Đỏ và Trung Đông sau vụ nổ ở Iran và việc Iran điều chiến hạm đến Biển Đỏ, làm gia tăng lo ngại về gián đoạn nguồn cung.",Địa chính trị & Xung đột,Tăng
2024-01-04,19950.0,21000.0,75.79,72.38,24360.0,11.03,,,
2024-01-05,19950.0,21000.0,78.31,74.0,24370.0,9.67,Lo ngại về gián đoạn vận chuyển ở Biển Đỏ tiếp diễn khi các cuộc tấn công của Houthi không suy giảm; dữ liệu việc làm mạnh mẽ của Mỹ cũng hỗ trợ tâm lý thị trường.,Địa chính trị & Xung đột,Tăng
2024-01-06,19950.0,21000.0,,,,,,,
2024-01-07,19950.0,21000.0,,,,,,,
2024-01-08,19950.0,21000.0,75.47,71.06,24330.0,9.05,"Saudi Arabia bất ngờ cắt giảm giá bán chính thức (OSP) cho châu Á, tín hiệu cho thấy nhu cầu yếu hơn hoặc nguồn cung dồi dào hơn dự kiến, gây áp lực giảm giá.",Cung (OPEC & Sản lượng),Giảm
2024-01-09,19950.0,21000.0,77.97,72.43,24360.0,9.64,Căng thẳng địa chính trị tiếp diễn ở Biển Đỏ sau các cuộc tấn công của Houthi và phản ứng từ Mỹ-Anh; báo cáo API cho thấy tồn kho dầu thô Mỹ giảm mạnh hơn dự kiến.,Địa chính trị & Xung đột,Tăng
2024-01-10,19950.0,21000.0,78.46,71.57,24405.0,10.03,,,
2024-01-11,20330.0,21040.0,80.21,72.15,24475.0,11.39,,,
2024-01-12,20330.0,21040.0,79.89,72.94,24490.0,10.76,,,
2024-01-13,20330.0,21040.0,,,,,,,
2024-01-14,20330.0,21040.0,,,,,,,
2024-01-15,20330.0,21040.0,79.76,,24470.0,,,,
2024-01-16,20330.0,21040.0,80.15,72.63,24500.0,10.83,,,
2024-01-17,20330.0,21040.0,78.88,72.79,24530.0,11.81,,,
2024-01-18,20530.0,21410.0,81.04,74.32,24545.0,12.61,"Báo cáo của EIA cho thấy tồn kho dầu thô của Mỹ giảm mạnh hơn dự kiến, cùng với các lo ngại về gián đoạn nguồn cung ở Biển Đỏ tiếp tục hỗ trợ giá.",Cung (Tồn kho Mỹ),Tăng
2024-01-19,20530.0,21410.0,80.71,73.69,24540.0,12.28,,,
2024-01-20,20530.0,21410.0,,,,,,,
2024-01-21,20530.0,21410.0,,,,,,,
2024-01-22,20530.0,21410.0,81.7,75.26,24550.0,13.93,"Căng thẳng địa chính trị leo thang ở Trung Đông (Mỹ-Anh tiếp tục tấn công Houthi) và Đông Âu (Ukraine tấn công Nga), cùng với sự cố đường ống ở Kazakhstan, làm gia tăng rủi ro nguồn cung.",Địa chính trị & Xung đột,Tăng
2024-01-23,20530.0,21410.0,82.04,74.72,24565.0,13.27,,,
2024-01-24,20530.0,21410.0,82.15,75.48,24600.0,12.76,,,
2024-01-25,20540.0,22170.0,82.33,77.91,24605.0,12.67,Tái leo thang căng thẳng địa chính trị ở Biển Đỏ với các cuộc tấn công mới của Mỹ-Anh nhằm vào Houthi; dữ liệu GDP quý IV của Mỹ mạnh mẽ cũng củng cố triển vọng nhu cầu.,Địa chính trị & Xung đột,Tăng
2024-01-26,20540.0,22170.0,83.34,78.45,24595.0,12.8,"Căng thẳng địa chính trị ở Biển Đỏ tiếp tục là yếu tố chính hỗ trợ giá dầu, cùng với kỳ vọng vào chính sách tiền tệ nới lỏng từ Trung Quốc thúc đẩy triển vọng nhu cầu.",Địa chính trị & Xung đột,Tăng
2024-01-27,20540.0,22170.0,,,,,,,
2024-01-28,20540.0,22170.0,,,,,,,
2024-01-29,20540.0,22170.0,83.99,77.25,24530.0,11.2,Dữ liệu PMI sản xuất của Trung Quốc yếu hơn dự kiến làm dấy lên lo ngại về nhu cầu dầu mỏ; báo cáo về việc xuất khẩu dầu của Nga tăng cũng gây áp lực lên giá.,Cầu (Kinh tế vĩ mô),Giảm
2024-01-30,20540.0,22170.0,84.14,78.3,24395.0,12.08,,,
2024-01-31,20540.0,22170.0,82.98,76.28,24415.0,9.99,,,
2024-02-01,20920.0,22910.0,82.2,74.36,24400.0,13.48,,,
2024-02-02,20920.0,22910.0,79.54,72.72,24335.0,12.86,Báo cáo việc làm mạnh mẽ của Mỹ làm tăng sức mạnh đồng USD và giảm kỳ vọng cắt giảm lãi suất của Fed.,Đồng USD & Tài chính,Giảm
2024-02-03,20920.0,22910.0,,,,,,,
2024-02-04,20920.0,22910.0,,,,,,,
2024-02-05,20920.0,22910.0,79.3,73.21,24370.0,14.8,,,
2024-02-06,20920.0,22910.0,,,24355.0,14.54,,,
2024-02-07,20920.0,22910.0,81.18,74.26,24400.0,15.84,,,
2024-02-08,22580.0,22120.0,83.01,76.67,24400.0,16.73,Tồn kho dầu thô của Mỹ giảm mạnh hơn dự kiến; căng thẳng địa chính trị ở Biển Đỏ tiếp diễn.,Cung (Tồn kho Mỹ),Tăng
2024-02-09,22580.0,22120.0,83.58,77.26,24400.0,16.07,,,
2024-02-10,22580.0,22120.0,,,,,,,
2024-02-11,22580.0,22120.0,,,,,,,
2024-02-12,22580.0,22120.0,83.88,77.34,24400.0,17.43,,,
2024-02-13,22580.0,22120.0,84.72,78.28,24400.0,17.8,,,
2024-02-14,22580.0,22120.0,84.41,77.09,24400.0,15.71,Tồn kho dầu thô của Mỹ tăng mạnh bất ngờ; dữ liệu lạm phát Mỹ cao hơn dự kiến làm tăng sức mạnh đồng USD.,Cung (Tồn kho Mỹ),Giảm
2024-02-15,21220.0,22830.0,84.33,78.47,24450.0,14.51,Lo ngại về gián đoạn nguồn cung do các cuộc tấn công ở Biển Đỏ và gián đoạn sản xuất tại Libya; IEA nâng dự báo nhu cầu dầu.,Địa chính trị & Xung đột,Tăng
2024-02-16,21220.0,22830.0,84.88,79.65,24510.0,14.64,,,
2024-02-17,21220.0,22830.0,,,,,,,
2024-02-18,21220.0,22830.0,,,,,,,
2024-02-19,21220.0,22830.0,85.52,,24530.0,,,,
2024-02-20,21220.0,22830.0,84.78,78.72,24525.0,13.31,Đồng USD mạnh lên; dấu hiệu hạ nhiệt căng thẳng địa chính trị; và lo ngại về nhu cầu từ Trung Quốc.,Đồng USD & Tài chính,Giảm
2024-02-21,21220.0,22830.0,84.77,78.89,24525.0,12.98,,,
2024-02-22,20920.0,22470.0,85.84,79.64,24590.0,14.39,,,
2024-02-23,20920.0,22470.0,84.18,77.6,24630.0,14.0,Lo ngại về lãi suất cao kéo dài và sức mạnh đồng USD sau dữ liệu kinh tế Mỹ mạnh mẽ.,Cầu (Kinh tế vĩ mô),Giảm
2024-02-24,20920.0,22470.0,,,,,,,
2024-02-25,20920.0,22470.0,,,,,,,
2024-02-26,20920.0,22470.0,84.01,78.53,24660.0,14.31,,,
2024-02-27,20920.0,22470.0,83.8,79.8,24625.0,14.81,Nga cấm xuất khẩu xăng; dự kiến OPEC+ sẽ duy trì cắt giảm sản lượng tự nguyện.,Cung (OPEC & Sản lượng),Tăng
2024-02-28,20920.0,22470.0,84.08,79.44,24620.0,11.7,,,
2024-02-29,20780.0,22750.0,84.57,79.22,24640.0,13.16,,,
2024-03-01,20780.0,22750.0,84.82,80.9,24640.0,26.25,,,
2024-03-02,20780.0,22750.0,,,,,,,
2024-03-03,20780.0,22750.0,,,,,,,
2024-03-04,20780.0,22750.0,86.58,79.67,24676.0,25.8,,,
2024-03-05,20780.0,22750.0,85.82,79.11,24690.0,24.34,,,
2024-03-06,20780.0,22750.0,86.59,80.08,24665.0,24.3,,,
2024-03-07,20600.0,22510.0,84.88,79.81,24680.0,24.34,,,
2024-03-08,20600.0,22510.0,84.29,78.96,24640.0,24.06,,,
2024-03-09,20600.0,22510.0,,,,,,,
2024-03-10,20600.0,22510.0,,,,,,,
2024-03-11,20600.0,22510.0,83.44,78.87,24635.0,26.17,,,
2024-03-12,20600.0,22510.0,83.66,78.51,24645.0,26.71,,,
2024-03-13,20600.0,22510.0,83.95,80.67,24675.0,27.75,"Tồn kho dầu thô Mỹ bất ngờ giảm 1.5 triệu thùng theo báo cáo của EIA, vượt kỳ vọng của thị trường.",Cung (Tồn kho Mỹ),Tăng
2024-03-14,20700.0,22490.0,86.16,82.16,24690.0,28.12,"Cơ quan Năng lượng Quốc tế (IEA) nâng dự báo tăng trưởng nhu cầu dầu toàn cầu năm 2024, cho thấy thị trường có thể thắt chặt hơn dự kiến.",Cầu (Kinh tế vĩ mô),Tăng
2024-03-15,20700.0,22490.0,85.39,81.94,24710.0,28.93,,,
2024-03-16,20700.0,22490.0,,,,,,,
2024-03-17,20700.0,22490.0,,,,,,,
2024-03-18,20700.0,22490.0,86.47,83.68,24715.0,28.92,"Xung đột Nga-Ukraine leo thang với các cuộc tấn công bằng máy bay không người lái của Ukraine vào các nhà máy lọc dầu lớn của Nga, làm dấy lên lo ngại về nguồn cung.",Địa chính trị & Xung đột,Tăng
2024-03-19,20700.0,22490.0,87.36,84.39,24740.0,28.63,,,
2024-03-20,20700.0,22490.0,85.77,82.79,24775.0,28.84,"Tồn kho dầu thô Mỹ tăng 3.2 triệu thùng theo báo cáo của EIA, trái ngược với kỳ vọng giảm và làm dịu bớt lo ngại về nguồn cung.",Cung (Tồn kho Mỹ),Giảm
2024-03-21,21260.0,23210.0,84.92,81.99,24785.0,28.76,,,
2024-03-22,21260.0,23210.0,84.87,81.1,24768.0,29.64,,,
2024-03-23,21260.0,23210.0,,,,,,,
2024-03-24,21260.0,23210.0,,,,,,,
2024-03-25,21260.0,23210.0,86.18,82.41,24740.0,28.68,Căng thẳng địa chính trị tiếp diễn tại Trung Đông (tấn công Biển Đỏ) và các cuộc tấn công vào cơ sở hạ tầng năng lượng của Nga tiếp tục hỗ trợ giá dầu.,Địa chính trị & Xung đột,Tăng
2024-03-26,21260.0,23210.0,85.91,82.41,24770.0,27.18,,,
2024-03-27,21260.0,23210.0,84.94,82.15,24785.0,26.67,,,
2024-03-28,20870.0,23620.0,86.17,83.96,24790.0,28.49,"Tồn kho dầu thô Mỹ giảm 1.5 triệu thùng theo báo cáo của EIA, cùng với kỳ vọng OPEC+ sẽ duy trì chính sách cắt giảm sản lượng hiện tại.",Cung (Tồn kho Mỹ),Tăng
2024-03-29,20870.0,23620.0,,,24810.0,,,,
2024-03-30,20870.0,23620.0,,,,,,,
2024-03-31,20870.0,23620.0,,,,,,,
2024-04-01,20870.0,23620.0,,84.54,24795.0,26.4,,,
2024-04-02,20870.0,23620.0,87.63,85.95,24900.0,26.95,Lo ngại leo thang căng thẳng địa chính trị ở Trung Đông (sau vụ tấn công Lãnh sự quán Iran ở Damascus) và cam kết cắt giảm sản lượng của OPEC+.,Địa chính trị & Xung đột,Tăng
2024-04-03,20870.0,23620.0,90.6,86.22,25000.0,26.61,,,
2024-04-04,21010.0,23910.0,90.32,87.37,24935.0,26.71,"Tiếp tục leo thang căng thẳng giữa Iran và Israel, cùng với dữ liệu kinh tế Mỹ cho thấy nhu cầu mạnh mẽ hơn dự kiến.",Địa chính trị & Xung đột,Tăng
2024-04-05,21010.0,23910.0,92.81,87.69,24950.0,25.95,,,
2024-04-06,21010.0,23910.0,,,,,,,
2024-04-07,21010.0,23910.0,,,,,,,
2024-04-08,21010.0,23910.0,91.73,87.24,24960.0,25.06,,,
2024-04-09,21010.0,23910.0,92.13,86.04,24945.0,26.32,,,
2024-04-10,21010.0,23910.0,91.57,86.98,24935.0,26.35,"Kỳ vọng Iran sẽ trả đũa Israel, duy trì rủi ro địa chính trị và tồn kho dầu thô Mỹ giảm mạnh hơn dự kiến.",Địa chính trị & Xung đột,Tăng
2024-04-11,21590.0,23840.0,91.49,85.79,24980.0,26.77,,,
2024-04-12,21590.0,23840.0,93.12,86.46,25015.0,27.27,,,
2024-04-13,21590.0,23840.0,,,,,,,
2024-04-14,21590.0,23840.0,,,,,,,
2024-04-15,21590.0,23840.0,90.84,86.21,25180.0,26.82,,,
2024-04-16,21590.0,23840.0,,,25280.0,28.52,,,
2024-04-17,21410.0,24220.0,89.54,83.58,25400.0,27.32,"Thị trường đánh giá lại rủi ro địa chính trị Trung Đông, nhận định căng thẳng Iran-Israel có thể không leo thang nghiêm trọng, cùng với tồn kho dầu thô Mỹ tăng bất ngờ.",Địa chính trị & Xung đột,Giảm
2024-04-18,21410.0,24220.0,88.34,83.5,25400.0,26.87,,,
2024-04-19,21410.0,24220.0,87.96,83.79,25440.0,26.54,,,
2024-04-20,21410.0,24220.0,,,,,,,
2024-04-21,21410.0,24220.0,,,,,,,
2024-04-22,21410.0,24220.0,87.3,83.82,25455.0,25.79,,,
2024-04-23,21410.0,24220.0,88.29,84.17,25440.0,26.04,"Lo ngại về khả năng Israel tiến hành chiến dịch ở Rafah làm dấy lên rủi ro địa chính trị mới, kết hợp với các dấu hiệu OPEC+ tiếp tục hạn chế nguồn cung.",Địa chính trị & Xung đột,Tăng
2024-04-24,21410.0,24220.0,89.02,84.09,25405.0,26.82,,,
2024-04-25,20680.0,23910.0,88.1,84.92,25350.0,26.83,,,
2024-04-26,20680.0,23910.0,89.95,85.38,25330.0,26.61,,,
2024-04-27,20680.0,23910.0,,,,,,,
2024-04-28,20680.0,23910.0,,,,,,,
2024-04-29,20680.0,23910.0,88.44,84.26,25330.0,27.05,Lo ngại về triển vọng nhu cầu dầu mỏ toàn cầu (đặc biệt là từ dữ liệu kinh tế kém tích cực của Trung Quốc) và đồng Đô la Mỹ mạnh lên.,Cầu (Kinh tế vĩ mô),Giảm
2024-04-30,20680.0,23910.0,88.23,83.49,25330.0,25.99,,,
2024-05-01,20680.0,23910.0,83.55,80.7,25330.0,24.81,,,
2024-05-02,20540.0,23910.0,84.81,80.59,25390.0,25.38,,,
2024-05-03,20540.0,23910.0,83.6,79.65,25400.0,24.35,,,
2024-05-04,20540.0,23910.0,,,,,,,
2024-05-05,20540.0,23910.0,,,,,,,
2024-05-06,20540.0,23910.0,,80.1,25370.0,25.37,,,
2024-05-07,20540.0,23910.0,82.69,79.97,25400.0,23.66,,,
2024-05-08,20540.0,23910.0,82.44,80.57,25425.0,22.76,,,
2024-05-09,19700.0,22620.0,83.27,80.86,25440.0,22.88,,,
2024-05-10,19700.0,22620.0,83.39,79.81,25450.0,22.2,"Nhập khẩu dầu thô của Trung Quốc trong tháng 4 giảm mạnh, làm dấy lên lo ngại về nhu cầu.",Cầu (Kinh tế vĩ mô),Giảm
2024-05-11,19700.0,22620.0,,,,,,,
2024-05-12,19700.0,22620.0,,,,,,,
2024-05-13,19700.0,22620.0,83.18,80.71,25453.0,22.08,,,
2024-05-14,19700.0,22620.0,81.0,79.62,25450.0,20.92,,,
2024-05-15,19700.0,22620.0,79.98,80.23,25445.0,22.12,,,
2024-05-16,19900.0,22110.0,81.65,80.85,25431.0,23.32,,,
2024-05-17,19900.0,22110.0,82.24,81.66,25448.0,24.14,,,
2024-05-18,19900.0,22110.0,,,,,,,
2024-05-19,19900.0,22110.0,,,,,,,
2024-05-20,19900.0,22110.0,81.91,81.39,25452.0,22.97,,,
2024-05-21,19900.0,22110.0,81.22,80.66,25461.0,22.54,,,
2024-05-22,19900.0,22110.0,79.9,79.15,25464.0,21.75,,,
2024-05-23,19900.0,22270.0,79.25,77.47,25469.0,22.35,,,
2024-05-24,19900.0,22270.0,78.92,78.48,25465.0,22.22,,,
2024-05-25,19900.0,22270.0,,,,,,,
2024-05-26,19900.0,22270.0,,,,,,,
2024-05-27,19900.0,22270.0,,,25445.0,,,,
2024-05-28,19900.0,22270.0,81.34,80.9,25448.0,21.16,Căng thẳng địa chính trị leo thang ở Trung Đông sau cuộc tấn công ở Rafah.,Địa chính trị & Xung đột,Tăng
2024-05-29,19900.0,22270.0,81.5,80.24,25450.0,19.9,,,
2024-05-30,19930.0,21750.0,81.42,78.96,25450.0,19.13,Tồn kho dầu thô của Mỹ tăng mạnh hơn dự kiến theo báo cáo EIA.,Cung (Tồn kho Mỹ),Giảm
2024-05-31,19930.0,21750.0,79.41,77.97,25440.0,20.27,,,
2024-06-01,19930.0,21750.0,,,,,,,
2024-06-02,19930.0,21750.0,,,,,,,
2024-06-03,19930.0,21750.0,76.45,75.26,25432.0,19.74,,,
2024-06-04,19930.0,21750.0,75.33,74.27,25410.0,21.16,,,
2024-06-05,19930.0,21750.0,75.41,75.08,25415.0,20.44,,,
2024-06-06,19550.0,21140.0,77.62,76.52,25420.0,20.82,"Dữ liệu tồn kho dầu thô Mỹ của EIA cho thấy mức giảm lớn hơn dự kiến, ám chỉ nhu cầu mạnh hoặc nguồn cung thắt chặt.",Cung (Tồn kho Mỹ),Tăng
2024-06-07,19550.0,21140.0,78.12,76.53,25400.0,20.45,,,
2024-06-08,19550.0,21140.0,,,,,,,
2024-06-09,19550.0,21140.0,,,,,,,
2024-06-10,19550.0,21140.0,79.59,78.75,25415.0,19.63,"Căng thẳng địa chính trị gia tăng ở Trung Đông, bao gồm xung đột Gaza và các cuộc tấn công của Houthi, làm tăng lo ngại về rủi ro nguồn cung.",Địa chính trị & Xung đột,Tăng
2024-06-11,19550.0,21140.0,80.15,78.88,25435.0,19.25,,,
2024-06-12,19550.0,21140.0,80.52,79.56,25435.0,17.96,,,
2024-06-13,19850.0,21310.0,81.44,79.61,25435.0,18.71,,,
2024-06-14,19850.0,21310.0,81.49,79.41,25450.0,18.16,,,
2024-06-15,19850.0,21310.0,,,,,,,
2024-06-16,19850.0,21310.0,,,,,,,
2024-06-17,19850.0,21310.0,82.45,81.33,25450.0,18.52,"Ukraine tấn công bằng drone vào nhà máy lọc dầu Novoshakhtinsk của Nga, làm dấy lên lo ngại về gián đoạn nguồn cung dầu.",Địa chính trị & Xung đột,Tăng
2024-06-18,19850.0,21310.0,84.79,82.67,25445.0,18.96,"Căng thẳng leo thang giữa Israel và Hezbollah ở biên giới Lebanon làm tăng nguy cơ xung đột khu vực rộng lớn hơn, đe dọa nguồn cung dầu từ Trung Đông.",Địa chính trị & Xung đột,Tăng
2024-06-19,19850.0,21310.0,85.64,,25450.0,,,,
2024-06-20,20350.0,21500.0,85.92,83.34,25450.0,19.32,,,
2024-06-21,20350.0,21500.0,86.42,81.71,25450.0,20.34,,,
2024-06-22,20350.0,21500.0,,,,,,,
2024-06-23,20350.0,21500.0,,,,,,,
2024-06-24,20350.0,21500.0,86.75,82.63,25455.0,19.47,,,
2024-06-25,20350.0,21500.0,86.81,81.97,25455.0,20.61,,,
2024-06-26,20350.0,21500.0,85.76,82.19,25465.0,21.62,,,
2024-06-27,20610.0,22010.0,87.0,83.04,25455.0,20.53,"Dữ liệu tồn kho dầu thô Mỹ của EIA cho thấy mức giảm 6,8 triệu thùng, lớn hơn nhiều so với dự kiến, báo hiệu nhu cầu nội địa mạnh mẽ.",Cung (Tồn kho Mỹ),Tăng
2024-06-28,20610.0,22010.0,87.26,82.83,25445.0,19.81,,,
2024-06-29,20610.0,22010.0,,,,,,,
2024-06-30,20610.0,22010.0,,,,,,,
2024-07-01,20610.0,22010.0,86.57,84.7,25450.0,21.69,,,
2024-07-02,20610.0,22010.0,88.28,84.09,25450.0,21.84,,,
2024-07-03,20610.0,22010.0,88.25,85.19,25450.0,21.91,"Căng thẳng leo thang ở Biển Đỏ, làm dấy lên lo ngại về gián đoạn vận chuyển dầu.",Địa chính trị & Xung đột,Tăng
2024-07-04,21210.0,22460.0,88.34,,25450.0,,,,
2024-07-05,21210.0,22460.0,88.66,84.44,25412.0,20.94,,,
2024-07-06,21210.0,22460.0,,,,,,,
2024-07-07,21210.0,22460.0,,,,,,,
2024-07-08,21210.0,22460.0,87.15,83.63,25415.0,20.84,,,
2024-07-09,21210.0,22460.0,86.48,82.78,25413.0,21.49,Báo cáo của EIA cho thấy tồn kho dầu thô Mỹ tăng cao hơn dự kiến.,Cung (Tồn kho Mỹ),Giảm
2024-07-10,21210.0,22460.0,86.55,83.39,25415.0,20.06,,,
2024-07-11,21030.0,22280.0,86.49,83.92,25423.0,20.35,,,
2024-07-12,21030.0,22280.0,87.35,83.49,25410.0,20.61,,,
2024-07-13,21030.0,22280.0,,,,,,,
2024-07-14,21030.0,22280.0,,,,,,,
2024-07-15,21030.0,22280.0,86.42,83.22,25360.0,19.8,,,
2024-07-16,21030.0,22280.0,86.6,81.92,25375.0,20.32,"Dữ liệu PMI sản xuất của Trung Quốc yếu hơn dự kiến, gây áp lực lên triển vọng nhu cầu dầu.",Cầu (Kinh tế vĩ mô),Giảm
2024-07-17,21030.0,22280.0,85.76,84.16,25315.0,19.97,OPEC+ phát tín hiệu mạnh mẽ về việc duy trì mức cắt giảm sản lượng hiện tại trong cuộc họp.,Cung (OPEC & Sản lượng),Tăng
2024-07-18,20660.0,22170.0,86.26,84.17,25310.0,20.58,,,
2024-07-19,20660.0,22170.0,85.19,81.43,25315.0,20.29,"Chỉ số lạm phát (CPI) của Mỹ cao bất ngờ, củng cố khả năng FED duy trì lãi suất cao.",Cầu (Kinh tế vĩ mô),Giảm
2024-07-20,20660.0,22170.0,,,,,,,
2024-07-21,20660.0,22170.0,,,,,,,
2024-07-22,20660.0,22170.0,83.44,81.25,25325.0,21.37,,,
2024-07-23,20660.0,22170.0,82.2,78.24,25355.0,20.38,"Đồng đô la Mỹ tiếp tục mạnh lên do kỳ vọng FED 'diều hâu', gây áp lực lên giá dầu.",Đồng USD & Tài chính,Giảm
2024-07-24,20660.0,22170.0,83.01,78.78,25350.0,21.25,,,
2024-07-25,20320.0,21900.0,82.58,79.43,25285.0,21.27,,,
2024-07-26,20320.0,21900.0,81.35,78.58,25300.0,22.21,"Dữ liệu tồn kho dầu thô và xăng của Mỹ tiếp tục tăng, cho thấy nhu cầu yếu đi.",Cung (Tồn kho Mỹ),Giảm
2024-07-27,20320.0,21900.0,,,,,,,
2024-07-28,20320.0,21900.0,,,,,,,
2024-07-29,20320.0,21900.0,80.94,77.27,25275.0,21.66,Tin tức về tiến triển đàm phán ngừng bắn ở Trung Đông làm giảm rủi ro địa chính trị.,Địa chính trị & Xung đột,Giảm
2024-07-30,20320.0,21900.0,79.26,76.17,25275.0,21.63,"Nga tuyên bố tăng nhẹ sản lượng dầu để hỗ trợ ngân sách, vượt quá một phần cam kết OPEC+.",Cung (OPEC & Sản lượng),Giảm
2024-07-31,20320.0,21900.0,81.39,79.36,25235.0,23.52,,,
2024-08-01,20090.0,21610.0,81.37,77.74,25215.0,21.2,,,
2024-08-02,20090.0,21610.0,78.35,74.99,25205.0,20.53,"Dữ liệu PMI sản xuất yếu từ Trung Quốc gây lo ngại về nhu cầu, kết hợp với đồng USD mạnh lên.",Cầu (Kinh tế vĩ mô),Giảm
2024-08-03,20090.0,21610.0,,,,,,,
2024-08-04,20090.0,21610.0,,,,,,,
2024-08-05,20090.0,21610.0,77.51,74.46,25080.0,21.71,,,
2024-08-06,20090.0,21610.0,76.62,74.6,25130.0,21.22,,,
2024-08-07,20090.0,21610.0,78.26,76.68,25155.0,20.68,Báo cáo tồn kho dầu thô của Mỹ (EIA) cho thấy mức giảm lớn hơn dự kiến.,Cung (Tồn kho Mỹ),Tăng
2024-08-08,19410.0,20710.0,80.76,77.64,25135.0,21.61,,,
2024-08-09,19410.0,20710.0,81.07,78.28,25090.0,20.73,,,
2024-08-10,19410.0,20710.0,,,,,,,
2024-08-11,19410.0,20710.0,,,,,,,
2024-08-12,19410.0,20710.0,83.06,81.45,25120.0,20.3,OPEC+ phát tín hiệu duy trì cắt giảm sản lượng sâu hơn và căng thẳng địa chính trị ở Trung Đông gia tăng.,Cung (OPEC & Sản lượng),Tăng
2024-08-13,19410.0,20710.0,82.51,79.81,25115.0,19.05,"Lo ngại địa chính trị lắng xuống và đồng USD mạnh trở lại, kích hoạt hoạt động chốt lời sau đà tăng mạnh.",Địa chính trị & Xung đột,Giảm
2024-08-14,19410.0,20710.0,82.15,78.47,25020.0,17.73,,,
2024-08-15,19570.0,20880.0,83.09,79.66,25035.0,18.0,"Dữ liệu doanh số bán lẻ của Mỹ tốt hơn dự kiến, cho thấy sức khỏe người tiêu dùng khả quan.",Cầu (Kinh tế vĩ mô),Tăng
2024-08-16,19570.0,20880.0,81.56,78.05,25050.0,17.35,Lo ngại về tăng trưởng kinh tế toàn cầu chậm lại và đồng USD tiếp tục mạnh lên.,Cầu (Kinh tế vĩ mô),Giảm
2024-08-17,19570.0,20880.0,,,,,,,
2024-08-18,19570.0,20880.0,,,,,,,
2024-08-19,19570.0,20880.0,81.09,75.82,24960.0,17.42,Dữ liệu sản xuất công nghiệp yếu ở Trung Quốc và lập trường diều hâu của FED về lãi suất làm dấy lên lo ngại về nhu cầu.,Cầu (Kinh tế vĩ mô),Giảm
2024-08-20,19570.0,20880.0,78.85,75.27,24915.0,17.56,,,
2024-08-21,19570.0,20880.0,78.77,72.76,24930.0,16.56,"Báo cáo tồn kho dầu thô của Mỹ (EIA) bất ngờ tăng, thêm áp lực lên giá dầu.",Cung (Tồn kho Mỹ),Giảm
2024-08-22,19140.0,20420.0,78.8,73.72,24960.0,17.02,Quan chức OPEC+ tái khẳng định cam kết cắt giảm sản lượng và đồng USD suy yếu nhẹ.,Cung (OPEC & Sản lượng),Tăng
2024-08-23,19140.0,20420.0,80.34,75.82,24965.0,16.95,"Căng thẳng địa chính trị tái bùng phát tại khu vực Trung Đông, làm tăng rủi ro về nguồn cung.",Địa chính trị & Xung đột,Tăng
2024-08-24,19140.0,20420.0,,,,,,,
2024-08-25,19140.0,20420.0,,,,,,,
2024-08-26,19140.0,20420.0,,78.4,24860.0,14.33,"Cơn bão nhiệt đới đe dọa các giàn khoan dầu ngoài khơi Vịnh Mexico của Mỹ, gây lo ngại về gián đoạn sản xuất.",Sự cố & Gián đoạn,Tăng
2024-08-27,19140.0,20420.0,81.51,76.5,24820.0,14.82,"Mối đe dọa từ cơn bão ở Vịnh Mexico giảm bớt, làm giảm lo ngại về gián đoạn nguồn cung.",Sự cố & Gián đoạn,Giảm
2024-08-28,19140.0,20420.0,80.04,75.49,24855.0,14.37,,,
2024-08-29,19060.0,20330.0,81.55,76.9,24870.0,14.46,"Đồng USD suy yếu, khiến dầu trở nên rẻ hơn đối với người mua bằng các loại tiền tệ khác.",Đồng USD & Tài chính,Tăng
2024-08-30,19060.0,20330.0,80.2,74.52,24860.0,14.09,Lo ngại về tăng trưởng nhu cầu toàn cầu tái xuất hiện sau các dữ liệu kinh tế hỗn hợp.,Cầu (Kinh tế vĩ mô),Giảm
2024-08-31,19060.0,20330.0,,,,,,,
2024-09-01,19060.0,20330.0,,,,,,,
2024-09-02,19060.0,20330.0,77.82,,24860.0,,,,
2024-09-03,19060.0,20330.0,76.46,71.28,24860.0,9.31,,,
2024-09-04,19060.0,20330.0,74.67,70.11,24852.0,9.7,Lo ngại về tăng trưởng kinh tế toàn cầu và nhu cầu dầu mỏ trong bối cảnh các dữ liệu kinh tế vĩ mô kém khả quan.,Cầu (Kinh tế vĩ mô),Giảm
2024-09-05,18720.0,19970.0,74.47,70.09,24730.0,8.19,,,
2024-09-06,18720.0,19970.0,72.82,68.58,24600.0,8.57,"Báo cáo việc làm Mỹ mạnh mẽ làm dấy lên lo ngại Cục Dự trữ Liên bang (FED) duy trì lãi suất cao hơn trong thời gian dài, ảnh hưởng triển vọng nhu cầu dầu.",Cầu (Kinh tế vĩ mô),Giảm
2024-09-07,18720.0,19970.0,,,,,,,
2024-09-08,18720.0,19970.0,,,,,,,
2024-09-09,18720.0,19970.0,72.37,69.65,24680.0,8.82,,,
2024-09-10,18720.0,19970.0,70.34,66.73,24660.0,9.35,"Báo cáo tồn kho dầu thô của Mỹ bất ngờ tăng mạnh hơn dự kiến, cho thấy nhu cầu thấp hơn hoặc nguồn cung cao hơn.",Cung (Tồn kho Mỹ),Giảm
2024-09-11,18720.0,19970.0,70.31,68.25,24550.0,9.07,"OPEC+ ám chỉ khả năng duy trì hoặc thực hiện cắt giảm sản lượng sâu hơn nếu nhu cầu thị trường tiếp tục suy yếu, hỗ trợ giá dầu.",Cung (OPEC & Sản lượng),Tăng
2024-09-12,17790.0,18890.0,73.81,69.89,24575.0,8.96,"Đồng đô la Mỹ (DXY) suy yếu sau dữ liệu lạm phát, làm cho dầu được định giá bằng USD trở nên rẻ hơn cho người mua bằng các loại tiền tệ khác.",Đồng USD & Tài chính,Tăng
2024-09-13,17790.0,18890.0,73.68,69.59,24530.0,9.46,,,
2024-09-14,17790.0,18890.0,,,,,,,
2024-09-15,17790.0,18890.0,,,,,,,
2024-09-16,17790.0,18890.0,73.96,71.1,24530.0,9.91,"Căng thẳng địa chính trị leo thang ở Trung Đông, làm dấy lên lo ngại về khả năng gián đoạn nguồn cung từ khu vực trọng yếu này.",Địa chính trị & Xung đột,Tăng
2024-09-17,17790.0,18890.0,74.55,72.16,24620.0,10.38,,,
2024-09-18,17790.0,18890.0,74.52,71.87,24600.0,10.8,,,
2024-09-19,17550.0,18940.0,75.93,72.86,24565.0,11.64,"Dữ liệu PMI sản xuất của Trung Quốc vượt kỳ vọng, báo hiệu sự cải thiện trong hoạt động kinh tế và tiềm năng tăng nhu cầu năng lượng.",Cầu (Kinh tế vĩ mô),Tăng
2024-09-20,17550.0,18940.0,75.96,72.72,24590.0,11.04,,,
2024-09-21,17550.0,18940.0,,,,,,,
2024-09-22,17550.0,18940.0,,,,,,,
2024-09-23,17550.0,18940.0,74.95,71.33,24615.0,9.69,,,
2024-09-24,17550.0,18940.0,75.29,72.34,24590.0,10.08,"Nga tuyên bố sẽ duy trì hoặc thực hiện cắt giảm thêm xuất khẩu dầu để hỗ trợ giá, phù hợp với các thỏa thuận của OPEC+.",Cung (OPEC & Sản lượng),Tăng
2024-09-25,17550.0,18940.0,75.4,70.42,24580.0,10.54,"Chủ tịch FED đưa ra bình luận diều hâu, ám chỉ chính sách tiền tệ thắt chặt hơn hoặc lãi suất cao hơn kéo dài, đè nặng lên triển vọng tăng trưởng kinh tế và nhu cầu dầu.",Cầu (Kinh tế vĩ mô),Giảm
2024-09-26,17870.0,19620.0,73.06,68.28,24615.0,10.77,"Dữ liệu tồn kho dầu thô của Mỹ tiếp tục tăng mạnh hơn dự kiến, gia tăng áp lực bán tháo trên thị trường.",Cung (Tồn kho Mỹ),Giảm
2024-09-27,17870.0,19620.0,71.63,68.72,24590.0,10.05,,,
2024-09-28,17870.0,19620.0,,,,,,,
2024-09-29,17870.0,19620.0,,,,,,,
2024-09-30,17870.0,19620.0,72.35,68.75,24555.0,10.64,,,
2024-10-01,17870.0,19620.0,75.3,70.41,24595.0,9.04,,,
2024-10-02,17870.0,19620.0,74.86,70.74,24652.0,9.51,,,
2024-10-03,17650.0,18850.0,77.57,74.33,24745.0,10.27,"Israel tiến hành các cuộc tấn công trả đũa quy mô lớn vào Dải Gaza, làm dấy lên lo ngại về xung đột khu vực leo thang và gián đoạn nguồn cung.",Địa chính trị & Xung đột,Tăng
2024-10-04,17650.0,18850.0,79.32,74.93,24755.0,9.97,,,
2024-10-05,17650.0,18850.0,,,,,,,
2024-10-06,17650.0,18850.0,,,,,,,
2024-10-07,17650.0,18850.0,81.74,77.76,24840.0,9.53,"Báo cáo về các cuộc tấn công mới nhằm vào tàu chở dầu ở Biển Đỏ, làm gia tăng phí bảo hiểm rủi ro vận chuyển và chi phí vận chuyển.",Địa chính trị & Xung đột,Tăng
2024-10-08,17650.0,18850.0,78.19,74.26,24835.0,9.68,"Chỉ số PMI dịch vụ của Trung Quốc giảm bất ngờ, làm dấy lên lo ngại về triển vọng nhu cầu dầu mỏ toàn cầu.",Cầu (Kinh tế vĩ mô),Giảm
2024-10-09,17650.0,18850.0,77.06,73.85,24830.0,10.21,,,
2024-10-10,18790.0,19840.0,79.45,76.46,24830.0,10.94,"Báo cáo tồn kho dầu thô của EIA Mỹ cho thấy mức giảm lớn hơn dự kiến, cho thấy nhu cầu mạnh mẽ hơn.",Cung (Tồn kho Mỹ),Tăng
2024-10-11,18790.0,19840.0,80.27,76.11,24805.0,11.33,,,
2024-10-12,18790.0,19840.0,,,,,,,
2024-10-13,18790.0,19840.0,,,,,,,
2024-10-14,18790.0,19840.0,78.47,76.11,24840.0,11.1,"DXY tăng vọt sau bình luận 'diều hâu' từ các quan chức FED, gây áp lực lên giá dầu thô.",Đồng USD & Tài chính,Giảm
2024-10-15,18790.0,19840.0,73.68,71.22,24925.0,11.33,"IMF hạ dự báo tăng trưởng kinh tế toàn cầu cho năm 2024, làm gia tăng lo ngại về nhu cầu năng lượng trong tương lai.",Cầu (Kinh tế vĩ mô),Giảm
2024-10-16,18790.0,19840.0,73.65,70.97,24970.0,11.47,,,
2024-10-17,18620.0,19730.0,74.37,71.26,25180.0,11.52,,,
2024-10-18,18620.0,19730.0,72.75,69.78,25150.0,11.02,"Dữ liệu tồn kho xăng của EIA tăng bất ngờ, cho thấy nhu cầu tiêu thụ yếu hơn tại Mỹ.",Cung (Tồn kho Mỹ),Giảm
2024-10-19,18620.0,19730.0,,,,,,,
2024-10-20,18620.0,19730.0,,,,,,,
2024-10-21,18620.0,19730.0,73.29,71.16,25285.0,10.33,Sự cố kỹ thuật tại một cảng xuất khẩu dầu lớn ở Libya gây lo ngại về gián đoạn nguồn cung.,Sự cố & Gián đoạn,Tăng
2024-10-22,18620.0,19730.0,75.59,72.84,25390.0,10.96,Tin đồn về khả năng OPEC+ xem xét duy trì cắt giảm sản lượng sâu hơn vào năm 2025 tại cuộc họp sắp tới.,Cung (OPEC & Sản lượng),Tăng
2024-10-23,18620.0,19730.0,74.68,71.37,25400.0,10.78,"Dữ liệu lạm phát (CPI) của Mỹ cao hơn dự kiến, làm tăng khả năng FED duy trì lãi suất cao, ảnh hưởng tiêu cực đến tăng trưởng kinh tế.",Cầu (Kinh tế vĩ mô),Giảm
2024-10-24,18570.0,19690.0,74.27,70.58,25385.0,10.78,,,
2024-10-25,18570.0,19690.0,75.62,72.02,25355.0,11.25,"Báo cáo tồn kho dầu thô của EIA Mỹ giảm tuần thứ hai liên tiếp, cho thấy thị trường đang thắt chặt hơn.",Cung (Tồn kho Mỹ),Tăng
2024-10-26,18570.0,19690.0,,,,,,,
2024-10-27,18570.0,19690.0,,,,,,,
2024-10-28,18570.0,19690.0,71.87,67.65,25345.0,11.17,"Nga tuyên bố tăng cường sản lượng dầu ngoài thỏa thuận OPEC+ do áp lực ngân sách, gây lo ngại về tình trạng dư cung.",Cung (OPEC & Sản lượng),Giảm
2024-10-29,18570.0,19690.0,71.09,67.48,25295.0,10.86,,,
2024-10-30,18570.0,19690.0,73.21,68.91,25280.0,11.27,"Sự cố ngừng hoạt động ngoài kế hoạch tại một nhà máy lọc dầu lớn của Mỹ, làm tăng nhu cầu dầu thô để bù đắp nguồn cung sản phẩm.",Sự cố & Gián đoạn,Tăng
2024-10-31,18830.0,19400.0,73.25,69.58,25270.0,10.99,,,
2024-11-01,18830.0,19400.0,73.63,69.81,25280.0,9.49,,,
2024-11-02,18830.0,19400.0,,,,,,,
2024-11-03,18830.0,19400.0,,,,,,,
2024-11-04,18830.0,19400.0,74.89,71.83,25310.0,9.73,Gia tăng lo ngại về nguồn cung do căng thẳng địa chính trị ở Trung Đông sau các báo cáo cuối tuần.,Địa chính trị & Xung đột,Tăng
2024-11-05,18830.0,19400.0,76.98,72.26,25330.0,10.34,,,
2024-11-06,18830.0,19400.0,76.52,71.98,25370.0,10.57,,,
2024-11-07,19290.0,19740.0,75.73,72.69,25350.0,10.62,,,
2024-11-08,19290.0,19740.0,74.04,70.69,25260.0,10.65,Lo ngại về triển vọng kinh tế toàn cầu và nhu cầu dầu sau dữ liệu kinh tế yếu từ các nền kinh tế lớn.,Cầu (Kinh tế vĩ mô),Giảm
2024-11-09,19290.0,19740.0,,,,,,,
2024-11-10,19290.0,19740.0,,,,,,,
2024-11-11,19290.0,19740.0,72.19,70.69,25310.0,10.36,"Chỉ số đồng Đô la Mỹ (DXY) mạnh lên, khiến dầu định giá bằng USD trở nên đắt đỏ hơn đối với người mua dùng các đồng tiền khác.",Đồng USD & Tài chính,Giảm
2024-11-12,19290.0,19740.0,72.56,68.43,25340.0,10.61,,,
2024-11-13,19290.0,19740.0,72.86,68.76,25330.0,10.25,,,
2024-11-14,18980.0,19450.0,73.39,68.99,25390.0,10.67,,,
2024-11-15,18980.0,19450.0,73.45,67.33,25380.0,10.83,"Dữ liệu tồn kho dầu thô của Mỹ tăng cao hơn dự kiến, cho thấy nguồn cung dồi dào hơn trong thị trường.",Cung (Tồn kho Mỹ),Giảm
2024-11-16,18980.0,19450.0,,,,,,,
2024-11-17,18980.0,19450.0,,,,,,,
2024-11-18,18980.0,19450.0,74.35,69.46,25405.0,11.47,Kỳ vọng OPEC+ sẽ xem xét các biện pháp cắt giảm sản lượng sâu hơn hoặc gia hạn thỏa thuận hiện tại tại cuộc họp sắp tới.,Cung (OPEC & Sản lượng),Tăng
2024-11-19,18980.0,19450.0,74.32,69.75,25395.0,12.27,,,
2024-11-20,18980.0,19450.0,74.33,69.25,25415.0,13.11,,,
2024-11-21,18920.0,19340.0,75.09,70.39,25415.0,12.26,"Báo cáo tồn kho dầu thô Mỹ bất ngờ giảm mạnh, cho thấy nhu cầu mạnh mẽ hơn hoặc nguồn cung thắt chặt hơn so với dự kiến.",Cung (Tồn kho Mỹ),Tăng
2024-11-22,18920.0,19340.0,76.1,71.68,25417.0,11.41,,,
2024-11-23,18920.0,19340.0,,,,,,,
2024-11-24,18920.0,19340.0,,,,,,,
2024-11-25,18920.0,19340.0,74.27,69.41,25410.0,11.01,Lo ngại mới về tăng trưởng kinh tế toàn cầu chậm lại và sự không chắc chắn về chính sách sản lượng của OPEC+ trước kỳ nghỉ lễ.,Cầu (Kinh tế vĩ mô),Giảm
2024-11-26,18920.0,19340.0,74.56,69.05,25405.0,10.85,,,
2024-11-27,18920.0,19340.0,73.91,69.03,25375.0,10.05,,,
2024-11-28,19140.0,19840.0,73.92,,25358.0,,,,
2024-11-29,19140.0,19840.0,74.16,68.26,25344.0,8.7,,,
2024-11-30,19140.0,19840.0,,,,,,,
2024-12-01,19140.0,19840.0,,,,,,,
2024-12-02,19140.0,19840.0,72.81,68.35,25374.0,8.69,,,
2024-12-03,19140.0,19840.0,74.8,70.15,25395.0,8.8,"Báo cáo tồn kho dầu thô Mỹ giảm mạnh hơn dự kiến, cho thấy nhu cầu ổn định hoặc nguồn cung thắt chặt.",Cung (Tồn kho Mỹ),Tăng
2024-12-04,19140.0,19840.0,74.68,68.81,25400.0,9.13,"Phát biểu hawkish từ Cục Dự trữ Liên bang (FED) và dữ liệu lạm phát cao hơn dự kiến tại Mỹ, đẩy đồng USD mạnh lên và làm giảm sức hấp dẫn của dầu mỏ.",Đồng USD & Tài chính,Giảm
2024-12-05,18810.0,19860.0,73.78,68.58,25380.0,9.08,,,
2024-12-06,18810.0,19860.0,73.78,68.58,25375.0,8.94,,,
2024-12-07,18810.0,19860.0,,,,,,,
2024-12-08,18810.0,19860.0,,,,,,,
2024-12-09,18810.0,19860.0,73.73,68.65,25370.0,9.87,"Căng thẳng leo thang ở Biển Đỏ sau các cuộc tấn công mới vào tàu thương mại, làm dấy lên lo ngại về gián đoạn vận chuyển dầu mỏ.",Địa chính trị & Xung đột,Tăng
2024-12-10,18810.0,19860.0,73.64,68.85,25360.0,10.0,,,
2024-12-11,18810.0,19860.0,74.38,70.57,25380.0,9.88,"Sự cố kỹ thuật lớn tại một cơ sở sản xuất dầu lớn ở Bắc Mỹ, làm gián đoạn nguồn cung dầu thô bất ngờ.",Sự cố & Gián đoạn,Tăng
2024-12-12,18560.0,19860.0,73.52,70.25,25394.0,10.11,,,
2024-12-13,18560.0,19860.0,74.89,71.54,25400.0,9.59,"Dữ liệu Chỉ số giá tiêu dùng (CPI) của Mỹ thấp hơn dự kiến, củng cố kỳ vọng Cục Dự trữ Liên bang (FED) sẽ cắt giảm lãi suất sớm hơn, thúc đẩy triển vọng tăng trưởng kinh tế và nhu cầu dầu mỏ.",Cầu (Kinh tế vĩ mô),Tăng
2024-12-14,18560.0,19860.0,,,,,,,
2024-12-15,18560.0,19860.0,,,,,,,
2024-12-16,18560.0,19860.0,74.3,71.03,25385.0,9.07,,,
2024-12-17,18560.0,19860.0,73.16,70.31,25430.0,8.45,,,
2024-12-18,18560.0,19860.0,74.57,70.8,25445.0,8.21,,,
2024-12-19,18960.0,20240.0,73.75,70.1,25450.0,7.88,,,
2024-12-20,18960.0,20240.0,73.19,69.71,25445.0,8.61,,,
2024-12-21,18960.0,20240.0,,,,,,,
2024-12-22,18960.0,20240.0,,,,,,,
2024-12-23,18960.0,20240.0,72.12,69.5,25440.0,8.78,,,
2024-12-24,18960.0,20240.0,73.5,70.87,25425.0,8.69,,,
2024-12-25,18960.0,20240.0,73.5,,25420.0,,,,
2024-12-26,18700.0,19810.0,,70.38,25425.0,8.46,,,
2024-12-27,18700.0,19810.0,73.77,71.28,25445.0,8.07,,,
2024-12-28,18700.0,19810.0,,,,,,,
2024-12-29,18700.0,19810.0,,,,,,,
2024-12-30,18700.0,19810.0,74.24,71.73,25476.0,8.61,,,
2024-12-31,18700.0,19810.0,74.58,72.44,25480.0,9.42,,,
2025-01-01,18700.0,19810.0,,,25480.0,,,,
2025-01-02,18830.0,20050.0,76.14,73.79,25450.0,10.25,,,
2025-01-03,18830.0,20050.0,76.72,74.64,25400.0,9.75,,,
2025-01-04,18830.0,20050.0,,,,,,,
2025-01-05,18830.0,20050.0,,,,,,,
2025-01-06,18830.0,20050.0,77.27,74.31,25370.0,9.19,,,
2025-01-07,18830.0,20050.0,77.84,74.99,25360.0,8.07,,,
2025-01-08,18830.0,20050.0,77.37,73.99,25370.0,8.27,,,
2025-01-09,19240.0,20430.0,78.44,,25375.0,8.27,,,
2025-01-10,19240.0,20430.0,79.76,77.27,25360.0,7.39,"Tình hình căng thẳng ở Biển Đỏ leo thang sau vụ tấn công tàu chở dầu, gây lo ngại về gián đoạn chuỗi cung ứng và tăng rủi ro địa chính trị.",Địa chính trị & Xung đột,Tăng
2025-01-11,19240.0,20430.0,,,,,,,
2025-01-12,19240.0,20430.0,,,,,,,
2025-01-13,19240.0,20430.0,82.69,79.57,25390.0,7.2,"Trung Quốc công bố dữ liệu PMI sản xuất tháng 1 tích cực hơn dự kiến, cho thấy sự phục hồi trong hoạt động kinh tế và triển vọng nhu cầu dầu mỏ mạnh mẽ hơn.",Cầu (Kinh tế vĩ mô),Tăng
2025-01-14,19240.0,20430.0,82.39,78.2,25380.0,8.47,"Báo cáo tồn kho dầu thô hàng tuần của EIA (Cơ quan Thông tin Năng lượng Mỹ) cho thấy mức tăng vượt dự kiến, làm giảm bớt lo ngại về nguồn cung và gây áp lực giảm giá.",Cung (Tồn kho Mỹ),Giảm
2025-01-15,19240.0,20430.0,83.48,80.73,25375.0,8.64,"Bộ trưởng Năng lượng Ả Rập Xê Út phát biểu ám chỉ khả năng OPEC+ duy trì hoặc thậm chí thắt chặt hơn nữa các biện pháp cắt giảm sản lượng, hỗ trợ giá dầu.",Cung (OPEC & Sản lượng),Tăng
2025-01-16,19700.0,20750.0,82.39,79.35,25370.0,7.88,,,
2025-01-17,19700.0,20750.0,83.02,78.56,25315.0,7.92,,,
2025-01-18,19700.0,20750.0,,,,,,,
2025-01-19,19700.0,20750.0,,,,,,,
2025-01-20,19700.0,20750.0,81.68,,25315.0,,,,
2025-01-21,19700.0,20750.0,80.57,76.79,25260.0,8.25,"Cục Dự trữ Liên bang Mỹ (FED) đưa ra nhận định diều hâu về chính sách lãi suất trong biên bản cuộc họp gần nhất, làm tăng lo ngại về suy thoái kinh tế toàn cầu và giảm nhu cầu dầu.",Cầu (Kinh tế vĩ mô),Giảm
2025-01-22,19700.0,20750.0,80.0,76.12,25050.0,7.43,,,
2025-01-23,20110.0,20590.0,78.62,75.03,25080.0,8.47,,,
2025-01-24,20110.0,20590.0,78.71,74.97,25060.0,7.56,,,
2025-01-25,20110.0,20590.0,,,,,,,
2025-01-26,20110.0,20590.0,,,,,,,
2025-01-27,20110.0,20590.0,77.3,73.51,25060.0,8.1,"Chỉ số đồng đô la Mỹ (DXY) tăng vọt sau khi dữ liệu lạm phát Mỹ thấp hơn dự kiến, khiến đồng bạc xanh mạnh lên và làm dầu mỏ trở nên đắt đỏ hơn đối với người mua dùng các loại tiền tệ khác.",Đồng USD & Tài chính,Giảm
2025-01-28,20110.0,20590.0,78.01,74.15,25060.0,8.72,,,
2025-01-29,20110.0,20590.0,77.02,72.94,25060.0,8.92,,,
2025-01-30,20110.0,20590.0,77.42,73.1,25060.0,8.7,,,
2025-01-31,20110.0,20590.0,77.11,72.84,25060.0,8.77,,,
2025-02-01,19430.0,20390.0,,,,,,,
2025-02-02,19430.0,20390.0,,,,,,,
2025-02-03,19430.0,20390.0,76.49,73.52,25280.0,12.98,,,
2025-02-04,19430.0,20390.0,76.58,73.04,25160.0,11.96,,,
2025-02-05,19430.0,20390.0,74.71,71.39,25145.0,11.52,"Báo cáo tồn kho dầu thô EIA của Mỹ tăng vượt dự kiến, gây áp lực giảm giá.",Cung (Tồn kho Mỹ),Giảm
2025-02-06,19410.0,20440.0,74.54,70.97,25260.0,12.85,,,
2025-02-07,19410.0,20440.0,74.68,71.32,25290.0,13.75,,,
2025-02-08,19410.0,20440.0,,,,,,,
2025-02-09,19410.0,20440.0,,,,,,,
2025-02-10,19410.0,20440.0,76.23,72.73,25380.0,12.51,"Dữ liệu PMI Sản xuất Trung Quốc tăng mạnh, cho thấy phục hồi kinh tế và triển vọng nhu cầu dầu tích cực.",Cầu (Kinh tế vĩ mô),Tăng
2025-02-11,19410.0,20440.0,77.65,73.67,25530.0,13.19,"Xung đột leo thang ở Biển Đỏ sau các vụ tấn công tàu chở dầu, làm dấy lên lo ngại về gián đoạn nguồn cung.",Địa chính trị & Xung đột,Tăng
2025-02-12,19410.0,20440.0,75.38,71.72,25550.0,12.58,"Chỉ số đồng USD (DXY) tăng mạnh do kỳ vọng FED giữ lãi suất cao hơn, làm dầu trở nên đắt đỏ hơn cho người mua bằng ngoại tệ.",Đồng USD & Tài chính,Giảm
2025-02-13,19470.0,20590.0,75.61,71.66,25440.0,13.63,,,
2025-02-14,19470.0,20590.0,75.19,71.05,25370.0,13.04,,,
2025-02-15,19470.0,20590.0,,,,,,,
2025-02-16,19470.0,20590.0,,,,,,,
2025-02-17,19470.0,20590.0,75.81,,25470.0,,,,
2025-02-18,19470.0,20590.0,76.46,72.21,25500.0,11.8,"Báo cáo về sự cố kỹ thuật tại một nhà máy lọc dầu lớn ở Mỹ, gây ra lo ngại về khả năng gián đoạn nguồn cung xăng và sản phẩm chưng cất.",Sự cố & Gián đoạn,Tăng
2025-02-19,19470.0,20590.0,76.34,72.58,25515.0,11.59,,,
2025-02-20,19510.0,20850.0,76.95,72.88,25500.0,11.15,,,
2025-02-21,19510.0,20850.0,74.88,70.72,25510.0,10.69,"Dữ liệu lạm phát (CPI) Mỹ cao hơn dự kiến, gây lo ngại về khả năng suy thoái kinh tế và ảnh hưởng đến nhu cầu dầu toàn cầu.",Cầu (Kinh tế vĩ mô),Giảm
2025-02-22,19510.0,20850.0,,,,,,,
2025-02-23,19510.0,20850.0,,,,,,,
2025-02-24,19510.0,20850.0,74.89,71.06,25468.0,9.68,,,
2025-02-25,19510.0,20850.0,73.11,69.15,25520.0,9.61,"Tin đồn về khả năng OPEC+ nới lỏng chính sách cắt giảm sản lượng trong cuộc họp sắp tới, gây áp lực giảm giá.",Cung (OPEC & Sản lượng),Giảm
2025-02-26,19510.0,20850.0,73.49,68.87,25535.0,9.32,,,
2025-02-27,19330.0,20650.0,75.01,70.62,25520.0,9.82,"Sự cố nổ đường ống dẫn dầu lớn ở Trung Đông, ảnh hưởng đến khả năng xuất khẩu và làm dấy lên lo ngại về nguồn cung tức thời.",Sự cố & Gián đoạn,Tăng
2025-02-28,19330.0,20650.0,74.76,69.97,25530.0,9.57,,,
2025-03-01,19330.0,20650.0,,,,,,,
2025-03-02,19330.0,20650.0,,,,,,,
2025-03-03,19330.0,20650.0,72.85,68.63,25575.0,20.27,,,
2025-03-04,19330.0,20650.0,72.31,68.47,25540.0,21.12,,,
2025-03-05,19330.0,20650.0,70.92,66.58,25490.0,20.45,Báo cáo tồn kho dầu thô Mỹ tăng vượt dự báo của EIA,Cung (Tồn kho Mỹ),Giảm
2025-03-06,18570.0,19960.0,71.08,66.62,25485.0,18.79,,,
2025-03-07,18570.0,19960.0,72.49,67.29,25480.0,18.21,,,
2025-03-08,18570.0,19960.0,,,,,,,
2025-03-09,18570.0,19960.0,,,,,,,
2025-03-10,18570.0,19960.0,71.08,66.31,25525.0,18.61,Lo ngại về tăng trưởng kinh tế toàn cầu sau dữ liệu PMI yếu của Trung Quốc,Cầu (Kinh tế vĩ mô),Giảm
2025-03-11,18570.0,19960.0,71.51,66.52,25450.0,18.85,,,
2025-03-12,18570.0,19960.0,72.36,67.65,25445.0,19.35,Căng thẳng leo thang ở Trung Đông sau sự cố vận chuyển dầu,Địa chính trị & Xung đột,Tăng
2025-03-13,18090.0,19280.0,70.82,66.82,25490.0,19.71,Đồng đô la Mỹ mạnh lên sau báo cáo lạm phát cao hơn dự kiến,Đồng USD & Tài chính,Giảm
2025-03-14,18090.0,19280.0,71.94,67.43,25500.0,19.67,,,
2025-03-15,18090.0,19280.0,,,,,,,
2025-03-16,18090.0,19280.0,,,,,,,
2025-03-17,18090.0,19280.0,71.93,67.84,25510.0,20.54,,,
2025-03-18,18090.0,19280.0,71.93,67.49,25510.0,20.51,,,
2025-03-19,18090.0,19280.0,71.94,67.4,25535.0,20.34,,,
2025-03-20,18110.0,19690.0,72.61,68.55,25545.0,20.03,"OPEC+ tái khẳng định cam kết cắt giảm sản lượng, duy trì ổn định thị trường",Cung (OPEC & Sản lượng),Tăng
2025-03-21,18110.0,19690.0,72.64,68.52,25585.0,20.05,,,
2025-03-22,18110.0,19690.0,,,,,,,
2025-03-23,18110.0,19690.0,,,,,,,
2025-03-24,18110.0,19690.0,73.96,69.46,25620.0,19.68,,,
2025-03-25,18110.0,19690.0,73.78,69.48,25600.0,19.75,,,
2025-03-26,18110.0,19690.0,74.6,70.05,25555.0,19.99,,,
2025-03-27,18520.0,20030.0,74.72,70.3,25560.0,20.32,,,
2025-03-28,18520.0,20030.0,74.69,69.74,25550.0,20.23,,,
2025-03-29,18520.0,20030.0,,,,,,,
2025-03-30,18520.0,20030.0,,,,,,,
2025-03-31,18520.0,20030.0,77.23,71.87,25565.0,21.15,,,
2025-04-01,18520.0,20030.0,77.78,71.61,25620.0,22.22,,,
2025-04-02,18520.0,20030.0,77.27,72.12,25600.0,22.95,,,
2025-04-03,18730.0,20370.0,72.54,67.43,25790.0,20.76,"EIA báo cáo tồn kho dầu thô Mỹ tăng vọt, vượt xa dự báo thị trường.",Cung (Tồn kho Mỹ),Giảm
2025-04-04,18730.0,20370.0,68.36,62.42,25780.0,20.71,"IMF hạ dự báo tăng trưởng kinh tế toàn cầu 2025, gây lo ngại về nhu cầu dầu.",Cầu (Kinh tế vĩ mô),Giảm
2025-04-05,18730.0,20370.0,,,,,,,
2025-04-06,18730.0,20370.0,,,,,,,
2025-04-07,18730.0,20370.0,66.13,61.05,25780.0,20.63,Chỉ số đô la Mỹ (DXY) tăng mạnh sau bình luận 'hawkish' từ các quan chức FED.,Đồng USD & Tài chính,Giảm
2025-04-08,18730.0,20370.0,64.86,60.04,25995.0,20.82,"Chỉ số PMI sản xuất của Trung Quốc suy giảm mạnh, cho thấy nhu cầu công nghiệp yếu.",Cầu (Kinh tế vĩ mô),Giảm
2025-04-09,18730.0,20370.0,67.3,62.63,25960.0,20.13,"Báo cáo về các cuộc tấn công mới nhằm vào tàu chở dầu ở Biển Đỏ, làm dấy lên lo ngại về nguồn cung.",Địa chính trị & Xung đột,Tăng
2025-04-10,17410.0,18880.0,65.37,60.57,25740.0,19.04,Bộ trưởng Năng lượng Ả Rập Xê Út bác bỏ khả năng cắt giảm sản lượng bổ sung của OPEC+.,Cung (OPEC & Sản lượng),Giảm
2025-04-11,17410.0,18880.0,66.83,61.91,25715.0,19.2,"Dữ liệu lạm phát CPI của Mỹ thấp hơn dự kiến, tăng kỳ vọng về 'hạ cánh mềm' của nền kinh tế.",Cầu (Kinh tế vĩ mô),Tăng
2025-04-12,17410.0,18880.0,,,,,,,
2025-04-13,17410.0,18880.0,,,,,,,
2025-04-14,17410.0,18880.0,67.18,61.99,25824.0,20.05,,,
2025-04-15,17410.0,18880.0,66.58,61.74,25790.0,20.35,,,
2025-04-16,17410.0,18880.0,67.94,62.88,25830.0,19.97,Sự cố kỹ thuật bất ngờ tại một nhà máy lọc dầu lớn ở Vịnh Mexico làm giảm công suất chế biến.,Sự cố & Gián đoạn,Tăng
2025-04-17,17180.0,18490.0,69.33,65.07,25837.0,20.19,OPEC+ báo hiệu khả năng gia hạn và có thể cắt giảm sản lượng sâu hơn trong cuộc họp sắp tới.,Cung (OPEC & Sản lượng),Tăng
2025-04-18,17180.0,18490.0,,,25925.0,,,,
2025-04-19,17180.0,18490.0,,,,,,,
2025-04-20,17180.0,18490.0,,,,,,,
2025-04-21,17180.0,18490.0,,63.48,25871.0,20.48,"EIA báo cáo tồn kho dầu thô Mỹ tăng nhẹ so với tuần trước, làm dịu bớt lo ngại về nguồn cung.",Cung (Tồn kho Mỹ),Giảm
2025-04-22,17180.0,18490.0,68.93,64.6,25965.0,20.74,"Ngân hàng Trung ương Châu Âu nâng dự báo tăng trưởng GDP khu vực đồng Euro, cải thiện triển vọng nhu cầu.",Cầu (Kinh tế vĩ mô),Tăng
2025-04-23,17180.0,18490.0,68.26,62.64,25995.0,21.4,Đồng đô la Mỹ mạnh lên sau khi FED nhắc lại cam kết tiếp tục thắt chặt chính sách tiền tệ.,Đồng USD & Tài chính,Giảm
2025-04-24,17710.0,19230.0,67.5,63.55,26029.0,21.89,,,
2025-04-25,17710.0,19230.0,66.99,63.85,26021.5,22.12,,,
2025-04-26,17710.0,19230.0,,,26025.0,,,,
2025-04-27,17710.0,19230.0,,,,,,,
2025-04-28,17710.0,19230.0,66.13,63.3,26000.0,22.58,"Nga báo cáo tăng nhẹ sản lượng dầu trong tháng 4, có thể vượt quá cam kết với OPEC+.",Cung (OPEC & Sản lượng),Giảm
2025-04-29,17710.0,19230.0,64.04,61.84,26005.0,22.74,"Báo cáo chỉ số niềm tin người tiêu dùng toàn cầu sụt giảm, làm dấy lên lo ngại suy thoái kinh tế.",Cầu (Kinh tế vĩ mô),Giảm
2025-04-30,17710.0,19230.0,63.37,59.55,26005.0,22.43,,,
2025-05-01,17710.0,19230.0,62.37,60.59,26005.0,23.94,,,
2025-05-02,17710.0,19230.0,61.57,59.67,26005.0,23.55,,,
2025-05-03,17710.0,19230.0,,,,,,,
2025-05-04,17710.0,19230.0,,,,,,,
2025-05-05,17560.0,19150.0,,58.5,25957.5,24.73,"Báo cáo PMI sản xuất yếu hơn dự kiến của Trung Quốc, làm dấy lên lo ngại về nhu cầu dầu mỏ toàn cầu.",Cầu (Kinh tế vĩ mô),Giảm
2025-05-06,17560.0,19150.0,62.37,60.42,25963.5,24.56,"Căng thẳng gia tăng ở khu vực Trung Đông sau một vụ tấn công tàu chở dầu, gây lo ngại về gián đoạn nguồn cung.",Địa chính trị & Xung đột,Tăng
2025-05-07,17560.0,19150.0,60.31,59.42,25962.5,24.05,Dữ liệu tồn kho dầu thô của Mỹ tăng vọt hơn dự kiến theo báo cáo của Cơ quan Thông tin Năng lượng (EIA).,Cung (Tồn kho Mỹ),Giảm
2025-05-08,16940.0,18770.0,62.22,61.25,25963.5,24.75,"OPEC+ ra tín hiệu duy trì chính sách cắt giảm sản lượng hiện tại cho đến cuối năm, hỗ trợ giá dầu.",Cung (OPEC & Sản lượng),Tăng
2025-05-09,16940.0,18770.0,64.26,62.37,25978.5,24.64,"Chỉ số niềm tin người tiêu dùng Mỹ tăng mạnh, thúc đẩy kỳ vọng về tăng trưởng kinh tế và nhu cầu năng lượng.",Cầu (Kinh tế vĩ mô),Tăng
2025-05-10,16940.0,18770.0,,,,,,,
2025-05-11,16940.0,18770.0,,,,,,,
2025-05-12,16940.0,18770.0,65.28,63.32,25971.0,24.63,Đồng đô la Mỹ (DXY) suy yếu đáng kể sau tuyên bố từ FED về việc cân nhắc cắt giảm lãi suất sớm hơn dự kiến.,Đồng USD & Tài chính,Tăng
2025-05-13,16940.0,18770.0,66.93,65.04,25961.5,24.34,Sự cố kỹ thuật tại một nhà máy lọc dầu lớn ở Vùng Vịnh Hoa Kỳ gây gián đoạn sản xuất và lo ngại về nguồn cung xăng.,Sự cố & Gián đoạn,Tăng
2025-05-14,16940.0,18770.0,65.91,64.48,25930.0,25.05,,,
2025-05-15,17220.0,19180.0,64.36,63.03,25947.5,25.11,"Báo cáo lạm phát (CPI) tháng của Mỹ cao hơn dự kiến, làm tăng lo ngại về chính sách thắt chặt tiền tệ của FED và suy thoái kinh tế.",Cầu (Kinh tế vĩ mô),Giảm
2025-05-16,17220.0,19180.0,65.2,63.84,25921.5,24.55,,,
2025-05-17,17220.0,19180.0,,,,,,,
2025-05-18,17220.0,19180.0,,,,,,,
2025-05-19,17220.0,19180.0,66.25,63.98,25947.5,24.29,,,
2025-05-20,17220.0,19180.0,66.93,63.97,25970.0,25.01,,,
2025-05-21,17220.0,19180.0,65.86,62.93,25973.0,25.38,,,
2025-05-22,17310.0,19120.0,64.87,62.55,25976.5,25.07,,,
2025-05-23,17310.0,19120.0,65.41,62.89,25954.0,23.81,,,
2025-05-24,17310.0,19120.0,,,,,,,
2025-05-25,17310.0,19120.0,,,,,,,
2025-05-26,17310.0,19120.0,,,25912.5,,,,
2025-05-27,17310.0,19120.0,64.32,61.61,25917.5,22.91,,,
2025-05-28,17310.0,19120.0,65.72,62.54,25970.0,22.85,,,
2025-05-29,17100.0,19190.0,64.6,61.66,26025.0,22.34,,,
2025-05-30,17100.0,19190.0,64.32,61.46,26021.5,21.71,,,
2025-05-31,17100.0,19190.0,,,,,,,
2025-06-01,17100.0,19190.0,,,,,,,
2025-06-02,17100.0,19190.0,66.55,63.27,26029.0,21.58,,,
2025-06-03,17100.0,19190.0,67.48,64.1,26055.0,21.68,,,
2025-06-04,17100.0,19190.0,66.69,63.57,26084.0,20.57,,,
2025-06-05,17280.0,19260.0,67.14,64.06,26082.5,21.3,,,
2025-06-06,17280.0,19260.0,68.02,65.3,26054.0,20.76,"Trung Quốc công bố dữ liệu PMI sản xuất tháng 5 tốt hơn dự kiến, cho thấy sự phục hồi kinh tế và triển vọng nhu cầu dầu tăng.",Cầu (Kinh tế vĩ mô),Tăng
2025-06-07,17280.0,19260.0,,,,,,,
2025-06-08,17280.0,19260.0,,,,,,,
2025-06-09,17280.0,19260.0,68.73,65.99,26042.5,20.96,,,
2025-06-10,17280.0,19260.0,68.41,65.66,26012.5,20.83,,,
2025-06-11,17280.0,19260.0,71.29,68.91,26030.0,21.24,"Báo cáo tồn kho dầu thô EIA của Mỹ cho thấy mức giảm lớn bất ngờ, ngụ ý nhu cầu mạnh mẽ hơn dự kiến.",Cung (Tồn kho Mỹ),Tăng
2025-06-12,17510.0,19460.0,70.84,68.73,26037.5,20.64,,,
2025-06-13,17510.0,19460.0,76.0,73.84,26075.0,19.33,"Căng thẳng leo thang ở Trung Đông sau một cuộc tấn công nhằm vào cơ sở hạ tầng dầu mỏ trọng yếu, làm dấy lên lo ngại nghiêm trọng về nguồn cung.",Địa chính trị & Xung đột,Tăng
2025-06-14,17510.0,19460.0,,,,,,,
2025-06-15,17510.0,19460.0,,,,,,,
2025-06-16,17510.0,19460.0,75.05,72.53,26061.5,20.01,,,
2025-06-17,17510.0,19460.0,78.7,75.62,26081.5,18.97,"Một sự cố kỹ thuật lớn tại nhà máy lọc dầu trọng điểm ở Mỹ gây gián đoạn hoạt động sản xuất, làm tăng nhu cầu dầu thô để bù đắp.",Sự cố & Gián đoạn,Tăng
2025-06-18,17510.0,19460.0,78.38,75.89,26101.5,20.26,,,
2025-06-19,18920.0,20630.0,80.37,,26128.0,,,,
2025-06-20,18920.0,20630.0,78.73,75.72,26128.5,20.83,,,
2025-06-21,18920.0,20630.0,,,,,,,
2025-06-22,18920.0,20630.0,,,,,,,
2025-06-23,18920.0,20630.0,74.34,69.36,26215.0,21.68,"Cục Dự trữ Liên bang Mỹ (FED) bất ngờ phát tín hiệu 'diều hâu' về việc duy trì lãi suất cao hơn, làm dấy lên lo ngại suy thoái kinh tế toàn cầu và giảm nhu cầu dầu.",Cầu (Kinh tế vĩ mô),Giảm
2025-06-24,18920.0,20630.0,69.13,65.45,26170.0,20.46,"Báo cáo EIA cho thấy tồn kho dầu thô của Mỹ tăng mạnh bất ngờ, cho thấy nguồn cung vượt cầu và nhu cầu có thể suy yếu.",Cung (Tồn kho Mỹ),Giảm
2025-06-25,18920.0,20630.0,68.4,65.98,26155.0,19.78,,,
2025-06-26,19410.0,20910.0,68.57,66.44,26120.0,20.43,,,
2025-06-27,19410.0,20910.0,69.37,66.66,26095.0,20.0,,,
2025-06-28,19410.0,20910.0,,,,,,,
2025-06-29,19410.0,20910.0,,,,,,,
2025-06-30,19060.0,20530.0,68.15,66.3,26120.5,19.74,,,
2025-07-01,19060.0,20530.0,67.63,66.64,26130.0,21.1,,,
2025-07-02,19060.0,20530.0,70.8,68.66,26170.0,20.05,"Báo cáo PMI sản xuất Trung Quốc vượt dự kiến, thúc đẩy triển vọng nhu cầu.",Cầu (Kinh tế vĩ mô),Tăng
2025-07-03,18130.0,19440.0,70.42,68.13,26200.0,20.18,,,
2025-07-04,18130.0,19440.0,71.03,,26180.0,20.63,,,
2025-07-05,18130.0,19440.0,,,,,,,
2025-07-06,18130.0,19440.0,,,,,,,
2025-07-07,18130.0,19440.0,71.95,69.16,26145.0,20.81,"Căng thẳng gia tăng ở Biển Đỏ sau sự cố hàng hải mới, đe dọa tuyến đường vận chuyển.",Địa chính trị & Xung đột,Tăng
2025-07-08,18130.0,19440.0,72.5,69.55,26135.0,21.62,,,
2025-07-09,18130.0,19440.0,71.98,69.61,26139.0,21.7,,,
2025-07-10,18370.0,19650.0,70.38,67.78,26114.5,21.76,Báo cáo tồn kho dầu thô EIA Mỹ tăng mạnh hơn dự kiến.,Cung (Tồn kho Mỹ),Giảm
2025-07-11,18370.0,19650.0,72.06,69.63,26114.5,21.49,Phát biểu của Bộ trưởng Năng lượng Saudi Arabia tái khẳng định cam kết cắt giảm sản lượng của OPEC+.,Cung (OPEC & Sản lượng),Tăng
2025-07-12,18370.0,19650.0,,,,,,,
2025-07-13,18370.0,19650.0,,,,,,,
2025-07-14,18370.0,19650.0,70.96,68.19,26125.0,21.74,Chỉ số đồng đô la Mỹ (DXY) tăng mạnh sau dữ liệu lạm phát Mỹ.,Đồng USD & Tài chính,Giảm
2025-07-15,18370.0,19650.0,70.27,67.76,26137.5,22.41,,,
2025-07-16,18370.0,19650.0,69.67,67.13,26160.0,21.53,,,
2025-07-17,18420.0,19480.0,71.32,68.76,26160.0,21.64,,,
2025-07-18,18420.0,19480.0,71.06,68.53,26160.0,21.16,,,
2025-07-19,18420.0,19480.0,,,,,,,
2025-07-20,18420.0,19480.0,,,,,,,
2025-07-21,18420.0,19480.0,71.92,68.39,26155.0,20.33,,,
2025-07-22,18420.0,19480.0,69.69,67.56,26145.0,19.69,,,
2025-07-23,18420.0,19480.0,69.17,66.05,26150.0,20.58,,,
2025-07-24,18620.0,19270.0,70.42,67.16,26135.0,19.2,,,
2025-07-25,18620.0,19270.0,69.23,66.38,26145.0,19.63,,,
2025-07-26,18620.0,19270.0,,,,,,,
2025-07-27,18620.0,19270.0,,,,,,,
2025-07-28,18620.0,19270.0,70.87,67.81,26200.0,19.64,IMF nâng dự báo tăng trưởng kinh tế toàn cầu cho năm 2025.,Cầu (Kinh tế vĩ mô),Tăng
2025-07-29,18620.0,19270.0,73.21,70.27,26225.0,20.66,Sự cố cháy tại nhà máy lọc dầu lớn ở Mỹ làm giảm công suất sản xuất xăng.,Sự cố & Gián đoạn,Tăng
2025-07-30,18620.0,19270.0,73.98,71.09,26202.5,22.06,,,
2025-07-31,18710.0,19400.0,73.43,70.36,26199.0,20.53,,,
2025-08-01,18710.0,19400.0,70.55,68.39,26220.0,19.31,,,
2025-08-02,18710.0,19400.0,,,,,,,
2025-08-03,18710.0,19400.0,,,,,,,
2025-08-04,18710.0,19400.0,69.56,67.33,26176.5,19.53,,,
2025-08-05,18710.0,19400.0,69.14,66.2,26250.0,20.2,"Báo cáo tồn kho dầu thô Mỹ của EIA cho thấy mức tăng mạnh hơn dự kiến, gây lo ngại về nhu cầu.",Cung (Tồn kho Mỹ),Giảm
2025-08-06,18710.0,19400.0,67.97,65.38,26225.0,20.91,,,
2025-08-07,18660.0,19600.0,66.99,64.9,26215.0,20.83,,,
2025-08-08,18660.0,19600.0,67.17,64.94,26225.0,21.03,,,
2025-08-09,18660.0,19600.0,,,,,,,
2025-08-10,18660.0,19600.0,,,,,,,
2025-08-11,18660.0,19600.0,67.36,65.03,26233.0,20.59,,,
2025-08-12,18660.0,19600.0,66.8,64.22,26270.0,21.0,,,
2025-08-13,18660.0,19600.0,66.25,63.68,26290.0,21.33,,,
2025-08-14,18020.0,19350.0,68.12,64.99,26265.0,21.75,"Căng thẳng địa chính trị leo thang ở Biển Đỏ sau một sự cố an ninh hàng hải mới, làm dấy lên lo ngại về gián đoạn nguồn cung.",Địa chính trị & Xung đột,Tăng
2025-08-15,18020.0,19350.0,67.3,63.78,26270.0,21.2,,,
2025-08-16,18020.0,19350.0,,,,,,,
2025-08-17,18020.0,19350.0,,,,,,,
2025-08-18,18020.0,19350.0,68.18,64.51,26300.0,21.55,,,
2025-08-19,18020.0,19350.0,66.62,63.38,26320.0,21.95,,,
2025-08-20,18020.0,19350.0,67.61,64.19,26390.0,22.55,"Dữ liệu PMI sản xuất của Trung Quốc được công bố tốt hơn dự kiến, thúc đẩy triển vọng tăng trưởng kinh tế và nhu cầu dầu mỏ toàn cầu.",Cầu (Kinh tế vĩ mô),Tăng
2025-08-21,17810.0,19460.0,68.41,64.56,26432.5,23.04,,,
2025-08-22,17810.0,19460.0,68.29,64.08,26350.0,22.93,,,
2025-08-23,17810.0,19460.0,,,,,,,
2025-08-24,17810.0,19460.0,,,,,,,
2025-08-25,17810.0,19460.0,,65.18,26305.0,21.43,"Cảnh báo bão nhiệt đới mạnh tại Vịnh Mexico khiến các nhà sản xuất chuẩn bị ngừng hoạt động các giàn khoan và cơ sở sản xuất, đe dọa nguồn cung.",Sự cố & Gián đoạn,Tăng
2025-08-26,17810.0,19460.0,66.89,63.6,26365.0,21.92,"Chỉ số đồng đô la Mỹ (DXY) tăng vọt sau những bình luận 'diều hâu' từ một quan chức FED, khiến dầu trở nên đắt đỏ hơn đối với người mua dùng các tiền tệ khác.",Đồng USD & Tài chính,Giảm
2025-08-27,17810.0,19460.0,67.75,64.49,26380.0,22.2,,,
2025-08-28,18220.0,19770.0,68.61,64.96,26375.0,23.74,,,
2025-08-29,18220.0,19770.0,67.83,64.36,26345.0,23.76,,,
2025-08-30,18220.0,19770.0,,,,,,,
2025-08-31,18220.0,19770.0,,,,,,,
2025-09-01,18220.0,19770.0,67.09,,26345.0,,,,
2025-09-02,18220.0,19770.0,68.09,65.95,26345.0,16.66,,,
2025-09-03,18220.0,19770.0,67.76,64.36,26387.5,16.9,"Báo cáo EIA cho thấy tồn kho dầu thô Mỹ tăng mạnh hơn dự kiến, gây áp lực giảm giá. Thị trường lo ngại về nhu cầu yếu.",Cung (Tồn kho Mỹ),Giảm
2025-09-04,18310.0,19850.0,66.41,63.81,26390.0,17.41,,,
2025-09-05,18310.0,19850.0,64.92,62.22,26400.0,17.0,"Dữ liệu PMI sản xuất từ Trung Quốc thấp hơn dự kiến, làm dấy lên lo ngại về triển vọng tăng trưởng kinh tế toàn cầu và nhu cầu dầu mỏ.",Cầu (Kinh tế vĩ mô),Giảm
2025-09-06,18310.0,19850.0,,,,,,,
2025-09-07,18310.0,19850.0,,,,,,,
2025-09-08,18310.0,19850.0,65.44,62.6,26415.0,16.24,,,
2025-09-09,18310.0,19850.0,67.97,62.97,26387.5,17.29,,,
2025-09-10,18310.0,19850.0,67.62,64.01,26395.0,16.85,"Báo cáo tồn kho dầu thô Mỹ của EIA cho thấy mức giảm lớn hơn dự kiến, báo hiệu nhu cầu mạnh mẽ hơn hoặc gián đoạn nguồn cung nội địa.",Cung (Tồn kho Mỹ),Tăng
2025-09-11,18360.0,19750.0,67.25,62.71,26402.5,16.76,"Bình luận 'hawkish' từ Chủ tịch Fed củng cố đồng USD và làm gia tăng lo ngại về chính sách tiền tệ thắt chặt, ảnh hưởng đến triển vọng nhu cầu dầu.",Đồng USD & Tài chính,Giảm
2025-09-12,18360.0,19750.0,67.87,63.02,26385.0,16.4,,,
2025-09-13,18360.0,19750.0,,,,,,,
2025-09-14,18360.0,19750.0,,,,,,,
2025-09-15,18360.0,19750.0,67.88,63.66,26385.0,17.12,,,
2025-09-16,18360.0,19750.0,69.69,64.89,26382.5,17.28,"Tin đồn cho rằng OPEC+ đang cân nhắc duy trì hoặc thậm chí cắt giảm sản lượng tại cuộc họp sắp tới để hỗ trợ giá, làm tăng kỳ vọng về thắt chặt nguồn cung.",Cung (OPEC & Sản lượng),Tăng
2025-09-17,18360.0,19750.0,69.19,64.41,26375.0,17.26,,,
2025-09-18,18540.0,19980.0,67.83,63.91,26385.0,17.04,,,
2025-09-19,18540.0,19980.0,67.05,63.02,26382.5,16.09,,,
2025-09-20,18540.0,19980.0,,,,,,,
2025-09-21,18540.0,19980.0,,,,,,,
2025-09-22,18540.0,19980.0,66.87,62.99,26417.5,16.51,,,
2025-09-23,18540.0,19980.0,67.96,63.76,26420.0,16.33,"Báo cáo về các cuộc đụng độ quân sự nhỏ nhưng leo thang ở khu vực Vịnh Ba Tư, làm tăng rủi ro gián đoạn nguồn cung từ Trung Đông.",Địa chính trị & Xung đột,Tăng
2025-09-24,18540.0,19980.0,69.64,65.4,26419.0,15.48,"Một nhà máy lọc dầu lớn ở Vịnh Mexico (Mỹ) gặp sự cố kỹ thuật đột xuất, làm giảm công suất lọc và tăng nhu cầu dầu thô để thay thế, gây lo ngại về nguồn cung sản phẩm.",Sự cố & Gián đoạn,Tăng
2025-09-25,18620.0,19610.0,70.48,65.51,26405.0,14.67,,,
2025-09-26,18620.0,19610.0,71.15,66.5,26410.0,15.45,,,
2025-09-27,18620.0,19610.0,,,,,,,
2025-09-28,18620.0,19610.0,,,,,,,
2025-09-29,18620.0,19610.0,69.0,64.27,26421.0,15.82,"IMF/Ngân hàng Thế giới hạ thấp dự báo tăng trưởng kinh tế toàn cầu cho năm 2026, gây lo ngại sâu sắc về triển vọng nhu cầu dầu trong dài hạn.",Cầu (Kinh tế vĩ mô),Giảm
2025-09-30,18620.0,19610.0,68.52,63.17,26427.0,15.84,,,
2025-10-01,18620.0,19610.0,66.67,62.59,26410.0,13.86,,,
2025-10-02,19000.0,19620.0,65.44,61.28,26395.5,13.63,"Báo cáo tồn kho dầu thô EIA Mỹ tăng mạnh hơn dự kiến, cho thấy nguồn cung dồi dào.",Cung (Tồn kho Mỹ),Giảm
2025-10-03,19000.0,19620.0,66.13,61.65,26381.0,13.61,,,
2025-10-04,19000.0,19620.0,,,,,,,
2025-10-05,19000.0,19620.0,,,,,,,
2025-10-06,19000.0,19620.0,67.09,62.49,26365.0,14.4,,,
2025-10-07,19000.0,19620.0,67.1,62.52,26365.0,14.09,,,
2025-10-08,19000.0,19620.0,67.42,63.37,26360.0,13.95,,,
2025-10-09,18430.0,19130.0,67.23,62.36,26347.5,13.85,"Dữ liệu PMI sản xuất của Trung Quốc yếu hơn dự kiến, làm dấy lên lo ngại về triển vọng nhu cầu dầu.",Cầu (Kinh tế vĩ mô),Giảm
2025-10-10,18430.0,19130.0,64.41,59.75,26340.0,13.73,"Báo cáo lạm phát CPI của Mỹ thấp hơn dự kiến, làm tăng khả năng Cục Dự trữ Liên bang (FED) duy trì chính sách tiền tệ thắt chặt, gây áp lực lên tăng trưởng kinh tế và nhu cầu dầu toàn cầu.",Cầu (Kinh tế vĩ mô),Giảm
2025-10-11,18430.0,19130.0,,,,,,,
2025-10-12,18430.0,19130.0,,,,,,,
2025-10-13,18430.0,19130.0,64.15,59.75,26345.0,14.12,,,
2025-10-14,18430.0,19130.0,63.0,59.52,26355.5,14.41,,,
2025-10-15,18430.0,19130.0,62.33,59.08,26340.0,15.13,,,
2025-10-16,18400.0,19220.0,61.08,58.29,26335.0,15.03,,,
2025-10-17,18400.0,19220.0,61.23,58.3,26342.0,15.89,,,
2025-10-18,18400.0,19220.0,,,,,,,
2025-10-19,18400.0,19220.0,,,,,,,
2025-10-20,18400.0,19220.0,60.71,58.34,26342.5,15.86,,,
2025-10-21,18400.0,19220.0,61.0,58.66,26343.0,15.34,,,
2025-10-22,18400.0,19220.0,62.28,59.3,26347.5,15.74,"Báo cáo tồn kho dầu thô EIA Mỹ giảm mạnh hơn dự kiến, cho thấy nhu cầu đang cải thiện hoặc nguồn cung đang thắt chặt.",Cung (Tồn kho Mỹ),Tăng
2025-10-23,18110.0,19050.0,66.32,62.44,26332.0,14.94,"Xung đột gia tăng ở Trung Đông sau một cuộc tấn công vào cơ sở hạ tầng dầu mỏ trọng yếu, làm dấy lên lo ngại nghiêm trọng về gián đoạn nguồn cung.",Địa chính trị & Xung đột,Tăng
2025-10-24,18110.0,19050.0,65.8,62.27,26305.0,14.81,,,
2025-10-25,18400.0,19220.0,,,,,,,
2025-10-26,18110.0,19050.0,,,,,,,
2025-10-27,18110.0,19050.0,65.52,62.13,26305.0,15.04,,,
2025-10-28,18110.0,19050.0,64.03,60.97,26328.0,16.46,"Chỉ số đồng đô la Mỹ (DXY) tăng mạnh do dữ liệu kinh tế Mỹ tích cực bất ngờ, làm dầu trở nên đắt đỏ hơn đối với người mua sử dụng các loại tiền tệ khác.",Đồng USD & Tài chính,Giảm
2025-10-29,18110.0,19050.0,65.01,61.26,26336.0,17.98,,,
2025-10-30,19270.0,19760.0,65.11,61.36,26330.0,19.14,,,
2025-10-31,19270.0,19760.0,65.44,61.75,26315.0,,,,
